id,predicted
917611,0.805
329273,0.685
133046,0.675
960346,0.785
386102,0.945
113051,0.605
641301,0.61
568162,0.365
766940,0.3
423123,0.86
743215,0.4
597427,0.75
245320,0.83
591249,0.89
376449,0.125
385007,0.685
620790,0.94
340139,0.815
479604,0.64
248779,0.935
546215,0.275
218241,0.73
718252,0.135
750767,0.275
633222,0.59
152910,0.19
894307,0.22
552147,0.74
401992,0.485
960758,0.6
356757,0.165
585233,0.69
384512,0.175
224937,0.51
135997,0.28
863056,0.86
486137,0.825
814726,0.91
738398,0.89
157783,0.205
662431,0.13
851563,0.955
881246,0.63
907963,0.095
658466,0.675
595593,0.365
756681,0.31
430155,0.215
568375,0.26
265562,0.53
722775,0.81
245247,0.145
537031,0.695
455138,0.56
285401,0.525
883240,0.545
288925,0.745
522559,0.835
604774,0.725
186467,0.83
826796,0.37
762864,0.35
394415,0.43
693818,0.51
354296,0.78
185501,0.77
628041,0.605
612632,0.09
822481,0.12
195442,0.77
478379,0.275
447766,0.175
800459,0.81
243453,0.135
845503,0.905
457495,0.77
185147,0.875
263388,0.3
810029,0.47
875070,0.445
722445,0.785
378060,0.63
933387,0.25
385413,0.685
665374,0.475
963495,0.575
795997,0.93
177062,0.96
363180,0.475
645327,0.65
379584,0.47
502766,0.95
581563,0.785
506461,0.2
635393,0.94
512961,0.495
282639,0.835
273702,0.905
483568,0.935
407196,0.86
454323,0.89
798783,0.39
678939,0.765
217544,0.14
108655,0.905
219334,0.48
386698,0.295
268125,0.715
803466,0.335
568413,0.885
200954,0.92
615299,0.655
748185,0.105
596207,0.67
844365,0.17
613249,0.285
346736,0.17
502835,0.345
476943,0.785
801673,0.41
689288,0.78
265095,0.77
310314,0.525
849684,0.145
242545,0.105
938807,0.16
490619,0.38
837309,0.62
654704,0.835
949804,0.735
457708,0.795
213789,0.8
415496,0.34
953593,0.675
723141,0.845
443756,0.885
789095,0.475
316478,0.056428571428571425
810763,0.87
475575,0.8
616853,0.615
134368,0.655
644559,0.125
350403,0.285
775564,0.065
615061,0.53
751243,0.92
866589,0.175
863178,0.235
910201,0.85
486641,0.16
328944,0.91
892311,0.245
387831,0.835
163742,0.295
885224,0.935
626718,0.95
727453,0.675
464616,0.09
130254,0.5175
409572,0.575
594046,0.255
845747,0.05
413477,0.165
789251,0.535
656906,0.875
202307,0.86
163170,0.875
683305,0.325
561059,0.82
815135,0.93
616507,0.905
333484,0.23
970050,0.79
644962,0.88
103291,0.655
453948,0.44
829887,0.73
882638,0.14
962875,0.845
120520,0.435
949508,0.14
349213,0.745
332314,0.2525
627131,0.82
359072,0.855
797224,0.53
917034,0.79
633391,0.655
836040,0.84
473624,0.935
250173,0.45
573262,0.64
235328,0.89
137798,0.515
713614,0.245
329188,0.845
628956,0.085
649479,0.66
761947,0.37
671049,0.26
687233,0.41
905379,0.085
225918,0.74
277415,0.615
731400,0.715
656621,0.195
233164,0.65
190012,0.305
686205,0.905
320094,0.545
689704,0.71
743402,0.065
645897,0.865
189568,0.205
670821,0.6
181169,0.53
330944,0.68
244172,0.905
690942,0.935
364024,0.775
550924,0.595
819308,0.955
120106,0.265
906040,0.64
387244,0.935
614508,0.345
439801,0.65
135599,0.03
205264,0.94
702340,0.22
838482,0.45
174368,0.92
130583,0.71
992713,0.86
788884,0.805
274453,0.46
451456,0.78
901829,0.88
218262,0.775
408315,0.275
704290,0.87
906117,0.22
157567,0.885
583278,0.6
397173,0.855
955374,0.94
733344,0.78
863795,0.745
409466,0.66
373404,0.695
235792,0.44
770554,0.945
845834,0.155
961341,0.88
163308,0.8
384405,0.2
783725,0.905
163157,0.85
202576,0.865
841003,0.755
643985,0.885
671933,0.495
559267,0.26
631218,0.915
501051,0.935
861981,0.9
849547,0.13
389513,0.78
476536,0.8
801364,0.77
768660,0.66
320431,0.63
127913,0.19
892237,0.855
369315,0.93
149810,0.415
459719,0.81
128170,0.94
724512,0.97
100606,0.63
673383,0.43
471906,0.51
977662,0.34
454124,0.25
190899,0.11
707587,0.68
346774,0.135
494183,0.65
199749,0.975
511570,0.445
747114,0.77
741619,0.97
624247,0.65
739360,0.105
627845,0.7
312235,0.77
703670,0.76
629771,0.795
767457,0.13
906929,0.065
578764,0.51
468992,0.73
528186,0.13
262401,0.61
661153,0.425
423729,0.22
987741,0.83
207520,0.355
771622,0.835
596569,0.77
388045,0.105
921436,0.83
320073,0.195
186786,0.25
265100,0.09
263830,0.155
539943,0.235
293231,0.77
312426,0.74
877320,0.385
383151,0.825
788045,0.17
668486,0.355
368936,0.545
683819,0.055
357949,0.825
624264,0.835
108610,0.975
810328,0.87
211497,0.745
830995,0.675
945596,0.425
837793,0.625
688180,0.315
479106,0.705
108511,0.375
255039,0.815
687675,0.06
927773,0.295
513606,0.085
605301,0.67
329136,0.53
818276,0.795
870921,0.505
525724,0.695
187537,0.195
602993,0.77
263552,0.605
435884,0.665
839239,0.955
148453,0.92
961013,0.77
771243,0.61
839022,0.675
600554,0.685
605929,0.215
910256,0.835
623800,0.565
461767,0.7
997544,0.3
969374,0.41
833072,0.815
527312,0.57
798412,0.985
970516,0.63
935504,0.75
378435,0.625
815458,0.27
782859,0.585
382419,0.665
361154,0.75
710190,0.975
969496,0.14
388178,0.19
220021,0.69
829540,0.605
312548,0.8
467728,0.49
387165,0.28
560232,0.81
321039,0.725
623219,0.865
122923,0.97
137692,0.65
267269,0.96
219199,0.685
546508,0.245
777089,0.345
397661,0.845
682170,0.94
130431,0.795
825787,0.595
767384,0.795
625242,0.055
931334,0.875
644133,0.755
680535,0.275
249025,0.82
210667,0.295
125147,0.84
127750,0.715
698086,0.855
109423,0.94
224654,0.53
727900,0.54
495757,0.81
949484,0.85
302976,0.14
801240,0.86
627491,0.555
832240,0.84
718511,0.3
445148,0.115
879423,0.595
816561,0.38
472722,0.12
711811,0.93
937018,0.965
528373,0.077
668876,0.67
851079,0.625
333468,0.92
908767,0.195
350811,0.24
256638,0.98
578347,0.565
202036,0.43
136074,0.115
367171,0.855
162887,0.495
257231,0.55
718674,0.485
874843,0.895
460240,0.31
939505,0.7
122231,0.9
794559,0.525
495820,0.62
395622,0.785
962785,0.705
236084,0.76
717532,0.58
252373,0.75
539976,0.64
986723,0.65
557717,0.9
910910,0.865
995744,0.4
484170,0.48
563790,0.93
354025,0.82
877144,0.57
567928,0.575
132865,0.88
125493,0.725
454883,0.84
136498,0.245
301470,0.23
546247,0.31076923076923074
981579,0.835
698412,0.69
592399,0.45
728404,0.81
433154,0.815
306187,0.86
421044,0.08
255891,0.795
522995,0.93
142598,0.89
297152,0.17
558090,0.975
873943,0.765
114247,0.61
679453,0.035
223771,0.805
967311,0.16875
285660,0.845
710333,0.825
142902,0.88
206899,0.92
513168,0.28
476098,0.215
376253,0.96
863015,0.23
750779,0.435
505787,0.77
649273,0.685
902296,0.175
421140,0.255
156893,0.735
174782,0.54
296525,0.735
317279,0.89
834508,0.615
945515,0.71
706981,0.97
730245,0.84
930714,0.92
314288,0.805
222424,0.68
331421,0.535
314903,0.81
779494,0.57
441892,0.675
410756,0.695
345543,0.735
642477,0.795
699185,0.305
977574,0.83
438181,0.57
158561,0.485
137084,0.23
265128,0.825
573172,0.32
451141,0.39
685061,0.645
815883,0.455
618693,0.97
980099,0.55
517846,0.96
796265,0.89
348214,0.865
980692,0.625
798235,0.47
162240,0.645
531036,0.61
811430,0.215
518316,0.75
430385,0.835
806468,0.925
709422,0.825
852970,0.085
321356,0.945
478340,0.975
635977,0.745
668477,0.88
345161,0.86
515738,0.495
763372,0.355
561979,0.745
975876,0.895
674452,0.21
501267,0.35
690816,0.55
213741,0.875
967654,0.17
223212,0.27
561090,0.435
404032,0.96
953442,0.11
264939,0.84
127648,0.7
571906,0.72
696576,0.36
235034,0.58
774183,0.915
236903,0.265
433009,0.32
220487,0.085
126682,0.83
938878,0.64
979156,0.585
178758,0.92
929735,0.855
611487,0.84
861515,0.695
186489,0.97
556362,0.9
467941,0.895
820068,0.73
398245,0.095
953405,0.925
759612,0.95
418361,0.38
991724,0.34
817861,0.17
863417,0.39
329028,0.84
614182,0.855
421705,0.79
855282,0.955
127237,0.785
555303,0.37
640167,0.74
772113,0.91
336351,0.555
854673,0.615
555549,0.095
565645,0.92
166636,0.0
506406,0.0
129863,0.825
616867,0.44
522126,0.945
159788,0.535
648990,0.225
801399,0.28
871418,0.095
956893,0.17
361342,0.285
838656,0.205
169121,0.79
297864,0.695
334737,0.685
457723,0.795
563254,0.10875
782950,0.725
511618,0.295
492485,0.09
569686,0.675
534421,0.47
203652,0.325
435179,0.55
991929,0.715
901638,0.67
739807,0.6
669046,0.72
201024,0.61
927238,0.74
861825,0.825
506996,0.83
192926,0.11
206673,0.07
588771,0.1
223436,0.715
203573,0.765
730075,0.94
413442,0.4725
363566,0.865
432892,0.005
705883,0.775
852583,0.725
980750,0.0
619255,0.91
738413,0.77
365846,0.8
983509,0.27
837730,0.61
279900,0.745
452753,0.335
876023,0.635
265521,0.77
514396,0.75
771348,0.865
625175,0.52
546916,0.10833333333333334
599832,0.225
901280,0.92
717635,0.45
199969,0.165
662824,0.135
200340,0.25
739509,0.49
945169,0.16
419141,0.705
176979,0.195
288020,0.645
935518,0.935
385607,0.99
166188,0.01
182170,0.425
239485,0.045
314117,0.055
774395,0.155
577315,0.775
796173,0.17
834093,0.935
868840,0.73
374121,0.86
695063,0.28
405293,0.97
258954,0.43
391632,0.775
505306,0.155
918049,0.515
325971,0.08
611235,0.105
888770,0.685
641615,0.835
249915,0.75
174137,0.0
749334,0.0
230399,0.0
589660,0.01
325918,0.365
206779,0.0
901787,0.005
772086,0.205
870658,0.0
968633,0.0
272108,0.42
448643,0.775
489718,0.235
743158,0.0
665142,0.0
484059,0.0
740343,0.17
281847,0.945
864498,0.225
795459,0.69
324940,0.0
485096,0.0
584641,0.0
957318,0.3416666666666666
291763,0.0
226631,0.0
990649,0.0
647420,0.825
476292,0.0
250797,0.155
734988,0.85
909242,0.74
811731,0.0
990758,0.0
837761,0.36
931558,0.885
698790,0.905
708080,0.06
205859,0.0
392431,0.005
881221,0.895
787157,0.795
691794,0.75
738780,0.0
973903,0.675
500583,0.94
165088,0.315
192161,0.87
686521,0.43
670534,0.0
620063,0.0
858661,0.16
298809,0.0
226701,0.0
401526,0.0
592118,0.0
953166,0.0
667627,0.38
220494,0.235
665653,0.0
311990,0.97
200455,0.97
593729,0.96
183689,0.115
794028,0.79
440272,0.975
493350,0.095
792787,0.67
626411,0.0
283380,0.6
713780,0.85
512166,0.07
391637,0.84
482181,0.655
723178,0.76
442635,0.115
473629,0.07
325316,0.0
700083,0.49
927397,0.0
804501,0.83
524312,0.475
473156,0.39
770876,0.06
854114,0.38
515111,0.98
277847,0.835
886026,0.685
994292,0.545
855464,0.775
553076,0.155
417063,0.9
941227,0.085
265225,0.62
931503,0.185
463645,0.01
768862,0.74
200446,0.575
414756,0.0
991238,0.0
244619,0.765
261591,0.585
471231,0.92
667469,0.84
704089,0.605
928227,0.0
741750,0.565
709577,0.73
467963,0.0
859577,0.92
761340,0.525
502438,0.075
405347,0.36
329285,0.045
267949,0.0
146593,0.735
515871,0.915
591972,0.035
635444,0.015
782642,0.935
758491,0.1
788967,0.36
157876,0.675
432077,0.62
753117,0.45
910729,0.36
369092,0.29
850615,0.16
249961,0.28
173419,0.565
222820,0.655
168187,0.025
988901,0.73
959923,0.52
301092,0.735
493084,0.12
161919,0.24
498820,0.155
842154,0.31
955159,0.01
126585,0.27
748374,0.835
339531,0.905
416175,0.715
577887,0.125
178101,0.07
615804,0.155
401720,0.035
281039,0.135
750765,0.475
241569,0.275
403403,0.9
936752,0.545
769482,0.13
184289,0.925
293970,0.14
100548,0.355
518516,0.005
548838,0.0
866832,0.23
629351,0.015
102781,0.39
469656,0.755
673814,0.995
806995,0.855
993641,0.805
232880,0.145
677996,0.765
273274,0.355
317890,0.38
278775,0.175
533886,0.12
112798,0.645
342468,0.76
325252,0.075
682799,0.14
276095,0.925
288135,0.825
705101,0.94
342123,0.03
727941,0.855
829096,0.65
364037,0.505
847941,0.15
956371,0.74
100067,0.0
983697,0.0
991625,0.13
919416,0.01
925827,0.035
853441,0.085
539043,0.06076923076923077
838466,0.265
583051,0.0
845378,0.795
655444,0.24
936609,0.885
789539,0.025
686163,0.042435897435897436
247786,0.0
528164,0.005
802379,0.035
352757,0.03
349862,0.05
572541,0.03
105124,0.035
925967,0.68
465524,0.31
451936,0.03
164277,0.11
485935,0.14
253018,0.18600000000000003
482886,0.865
704668,0.315
361296,0.88
526846,0.075
381787,0.0
146166,0.045
183086,0.805
200893,0.45
312809,0.0
270110,0.015
220989,0.85
804258,0.735
977549,0.105
424108,0.95
826626,0.245
779693,0.805
351779,0.73
548706,0.15583333333333335
129746,0.035
321649,0.185
237462,0.035
117979,0.05
815913,0.46
190185,0.33
506854,0.165
402282,0.515
237860,0.0
657084,0.0
202749,0.525
842692,0.74
705923,0.85
889581,0.855
849041,0.295
391033,0.51
250329,0.365
429779,0.73
782461,0.73
888820,0.725
818297,0.18
929437,0.075
540871,0.0
734435,0.0
309299,0.48
787205,0.34
925211,0.89
376544,0.01
150300,0.21
831060,0.79
979592,0.0175
496702,0.86
549103,0.92
478411,0.725
939534,0.125
983463,0.315
855062,0.225
313621,0.59
779713,0.005
453528,0.03
413976,0.155
751897,0.985
632311,0.03
823961,0.035
100587,0.93
111108,0.76
511290,0.755
924206,0.03
837198,0.86
377726,0.855
945742,0.83
681899,0.715
701268,0.91
596822,0.07833333333333332
534283,0.12
369205,0.13
755512,0.785
317452,0.03
308934,0.945
494760,0.16375
243118,0.34
231266,0.0975
932060,0.205
741012,0.73
402945,0.7
486258,0.545
316399,0.75
156187,0.11583333333333334
280753,0.735
795796,0.82
289607,0.355
616805,0.835
466804,0.075
343126,0.93
786934,0.905
936647,0.915
250662,0.03
355703,0.05
186364,0.005
156388,0.35
680035,0.475
666446,0.28
106142,0.65
468788,0.035
645594,0.67
939777,0.0
431122,0.88
679831,0.18
515400,0.0
756979,0.15
851292,0.395
903143,0.485
889530,0.81
277318,0.615
974350,0.465
352093,0.525
208970,0.275
169736,0.64
345872,0.75
534194,0.595
275173,0.035
441847,0.1
662288,0.445
590360,0.125
748897,0.25
814999,0.89
485373,0.795
437686,0.46
131888,0.0
969282,0.645
901514,0.235
486927,0.8
335329,0.58
293081,0.495
658899,0.54
386596,0.74
547286,0.7
842268,0.81
246534,0.18
367649,0.035
308215,0.035
591432,0.0
818619,0.255
602138,0.06
316575,0.49
997631,0.065
350812,0.63
658519,0.58
359892,0.05
226896,0.78
990807,0.85
750930,0.89
875577,0.255
298822,0.375
960235,0.685
238076,0.175
265182,0.85
118695,0.76
651448,0.135
595285,0.755
343522,0.16333333333333336
524681,0.605
846723,0.0
837680,0.365
365109,0.06
802092,0.07214285714285715
178269,0.095
849866,0.15
793083,0.0
924758,0.115
888427,0.905
777245,0.0853125
731574,0.915
647843,0.2
649084,0.92
695414,0.51
356759,0.72
337544,0.95
645134,0.945
728095,0.835
676840,0.6
370833,0.61
718264,0.595
235308,0.3
569182,0.7
456521,0.295
343655,0.675
812138,0.035
194349,0.635
793477,0.1154761904761905
309094,0.865
106609,0.18
751734,0.0
901498,0.7
740985,0.935
233044,0.59
445657,0.83
334619,0.17
892409,0.475
272186,0.0
241642,0.795
426128,0.28
158621,0.72
783778,0.62
609640,0.8
492080,0.765
242189,0.0
998866,0.17
203408,0.245
409390,0.34
328857,0.0
642827,0.77
166433,0.795
590126,0.92
759180,0.015
588267,0.675
271941,0.135
443352,0.785
309529,0.69
886860,0.0
839797,0.59
579008,0.94
572780,0.08
335994,0.28
793342,0.855
233288,0.445
536087,0.45
955951,0.97
834781,0.71
938462,0.85
330811,0.0
753554,0.0
801782,0.71
483651,0.0
275269,0.705
726014,0.365
886698,0.42
888654,0.0
517655,0.005
278433,0.595
529302,0.83
492381,0.225
978045,0.235
645040,0.02
937250,0.77
154122,0.0
450184,0.765
626950,0.89
205547,0.875
427112,0.15
819329,0.515
328893,0.79
249487,0.0
407834,0.685
540942,0.79
292142,0.725
452331,0.115
684523,0.925
232015,0.055
183332,0.0
834139,0.37
439788,0.27
131632,0.035
261470,0.125
953432,0.92
886709,0.09
888608,0.79
230113,0.085
122686,0.53
607988,0.925
638301,0.89
341736,0.595
588086,0.78
563679,0.845
484461,0.625
329609,0.55
262308,0.54
357500,0.385
838821,0.0753125
171472,0.17
473854,0.805
468841,0.515
458100,0.9
859598,0.805
836113,0.26
627058,0.37
771011,0.175
924886,0.84
675319,0.925
727678,0.0
917049,0.16
531861,0.0
355539,0.0
565237,0.875
468647,0.84
299149,0.0
244535,0.705
194531,0.095
567333,0.07
601535,0.515
836399,0.915
550134,0.925
123844,0.1
369488,0.0
853642,0.885
641986,0.245
700239,0.345
839437,0.895
708632,0.19
810419,0.96
665150,0.575
872999,0.86
506091,0.84
426657,0.83
596971,0.215
452188,0.27
430165,0.46
347400,0.595
593241,0.79
564763,0.0
532011,0.56
941055,0.94
804397,0.99
755139,0.845
721363,0.05
111788,0.955
731744,0.855
445778,0.005
100916,0.775
490375,0.935
727233,0.175
146595,0.105
401884,0.03
146831,0.09
798814,0.0
372527,0.17
479051,0.0
392588,0.16
488424,0.04
501927,0.105
867035,0.0
996504,0.87
621719,0.195
242847,0.97
640623,0.195
716528,0.275
175663,0.57
863243,0.11
431382,0.11
890127,0.605
288040,0.925
656224,0.21
487063,0.835
438329,0.96
402000,0.845
230551,0.915
750828,0.705
616414,0.765
444594,0.415
703176,0.575
551486,0.53
228070,0.825
250694,0.965
346172,0.94
110121,0.08
230858,0.11791208791208792
307494,0.17
548172,0.505
667548,0.53
148144,0.765
284651,0.635
889356,0.12
492829,0.765
922933,0.66
577219,0.89
430367,0.835
713929,0.705
270593,0.315
307053,0.84
383342,0.225
585551,0.185
739564,0.77
914280,0.56
179346,0.94
690652,0.21
347823,0.635
322864,0.04
894419,0.485
661008,0.725
287887,0.315
986387,0.0
343685,0.94
327071,0.835
146266,0.745
680084,0.0
845161,0.0
348360,0.09
462677,0.065
346281,0.96
589737,0.84
766252,0.76
260836,0.83
207347,0.49
484692,0.84
999221,0.86
290150,0.665
500716,0.375
743847,0.88
235059,0.905
808259,0.12875
849670,0.15
448158,0.535
143280,0.37
809213,0.325
648538,0.635
638308,0.0853125
331439,0.85
391954,0.955
726286,0.335
612990,0.0
642321,0.82
817868,0.81
639587,0.73
287582,0.325
415424,0.265
240234,0.835
288351,0.595
471050,0.895
607434,0.28
970738,0.94
219647,0.345
313846,0.33
266685,0.335
318879,0.89
149345,0.86
195620,0.725
105576,0.61
269372,0.0
645595,0.68
681316,0.33
480935,0.92
415135,0.165
472763,0.185
848263,0.075
417307,0.24
158547,0.06
555185,0.74
840581,0.71
679120,0.71
577891,0.955
532918,0.135
850578,0.435
705501,0.005
146952,0.41
872028,0.39
684778,0.94
488059,0.475
109725,0.865
612834,0.67
353740,0.405
431249,0.945
948809,0.905
471400,0.63
117935,0.78
308773,0.935
711878,0.525
657132,0.46
776193,0.625
201276,0.62
844027,0.46
574050,0.21
580161,0.825
307002,0.615
338905,0.26
604706,0.72
728407,0.0
454269,0.13
348220,0.07
436518,0.195
757152,0.21
169654,0.665
102301,0.52
536656,0.175
221406,0.335
361407,0.48
611685,0.745
162367,0.19
113376,0.12
350500,0.51
129471,0.22
996615,0.22
793355,0.345
586984,0.265
922468,0.37
400228,0.705
712343,0.68
565212,0.215
199980,0.46375
165125,0.44
233601,0.88
254926,0.565
484444,0.73
711102,0.22833333333333333
479853,0.785
667842,0.065
336283,0.45
183425,0.54
460227,0.225
784938,0.355
890806,0.07
388135,0.03
180577,0.0
882386,0.465
502762,0.095
921056,0.2
678857,0.72
736173,0.335
890319,0.685
564173,0.775
568256,0.195
683446,0.33
835474,0.05
335811,0.185
119537,0.415
222329,0.485
343772,0.79
937837,0.11214285714285716
986961,0.835
526461,0.345
838070,0.875
921601,0.07
314201,0.235
298279,0.075
930149,0.75
781060,0.1453125
502460,0.43
820797,0.795
239976,0.035
487905,0.0673125
235041,0.72
569130,0.575
969183,0.115
825555,0.53
875769,0.575
873089,0.89
578250,0.61
723913,0.03
924110,0.375
906437,0.1
100479,0.305
126258,0.82
132134,0.375
396338,0.595
920226,0.955
452065,0.34
913043,0.145
702966,0.52
819983,0.625
658575,0.93
240032,0.48
382824,0.35
883047,0.585
211613,0.27
778232,0.17
493552,0.85
760464,0.825
182219,0.665
255736,0.94
841731,0.86
809441,0.065
784884,0.17
838769,0.096
181794,0.73
624307,0.84
641983,0.025
657641,0.565
818642,0.49
475084,0.74
769691,0.9
637450,0.09
664186,0.58
470510,0.3
338178,0.105
197155,0.575
368829,0.0
208113,0.32
323978,0.265
662794,0.945
430048,0.04
680166,0.26
633503,0.08
611858,0.135
836603,0.58
329411,0.02
105079,0.08
132361,0.88
364831,0.75
351921,0.08
369924,0.84
467427,0.585
809592,0.34
366976,0.605
318531,0.89
308015,0.85
203370,0.765
184551,0.525
754942,0.81
355045,0.66
728029,0.98
640991,0.0
319655,0.0
122758,0.735
476243,0.22
694857,0.92
191120,0.58
505058,0.935
153419,0.93
782202,0.18
793137,0.455
179641,0.89
530400,0.07
257234,0.915
546023,0.05
274544,0.34
138979,0.805
207741,0.665
770636,0.155
606175,0.29
112518,0.025
861652,0.735
163825,0.155
684181,0.72
887453,0.0
653804,0.085
905659,0.27
607320,0.03
767032,0.42
266741,0.89
577195,0.245
109682,0.865
271114,0.0
609072,0.845
768127,0.34
561070,0.73
817258,0.875
575364,0.48
705163,0.47
566731,0.86
524480,0.0
285244,0.0
296210,0.12
709847,0.87
258692,0.0
437381,0.005
831375,0.925
551562,0.805
550106,0.175
732261,0.065
361049,0.25
993578,0.33
689336,0.87
248298,0.31
275866,0.895
810869,0.61
773971,0.0
741649,0.255
245977,0.875
714085,0.8
407048,0.83
189202,0.0
243015,0.3364285714285714
424238,0.485
129266,0.795
728952,0.54
975839,0.11
954905,0.0
947650,0.865
966496,0.71
579059,0.435
341749,0.92
644859,0.41
411195,0.0
183399,0.9
573952,0.36
775302,0.0
943758,0.24
344212,0.78
716686,0.0
289097,0.0
152549,0.4
218807,0.825
354951,0.75
347116,0.455
672222,0.07
225693,0.035
536532,0.905
555671,0.295
606986,0.935
873074,0.055
880648,0.085
534769,0.865
529646,0.23
114755,0.38
452952,0.965
417122,0.0
223492,0.0
303792,0.665
567117,0.365
180737,0.07
578969,0.82
385686,0.20666666666666667
901401,0.325
456377,0.125
181310,0.885
651920,0.035
514548,0.09
900728,0.6375
236745,0.62
876211,0.53
597155,0.0
148163,0.0
481889,0.915
121926,0.535
893483,0.09
419100,0.5725
853184,0.92
595710,0.75
813261,0.105
193772,0.085
777393,0.085
608229,0.805
247866,0.785
828627,0.59
596675,0.005
957291,0.95
880826,0.7
380966,0.135
726662,0.895
797940,0.285
461415,0.26
209435,0.335
835829,0.095
711025,0.33
984262,0.725
296961,0.81
962538,0.06
828997,0.205
736849,0.165
253779,0.81
566559,0.025
554232,0.08
191781,0.93
637986,0.93
930388,0.88
715477,0.13
926675,0.43
674798,0.905
866986,0.8
265402,0.775
845447,0.525
616874,0.0
558427,0.525
954146,0.07
369657,0.98
143979,0.47
556635,0.955
439475,0.035
629544,0.785
144243,0.075
628899,0.805
230948,0.0
494325,0.945
589985,0.045
323286,0.845
645704,0.255
411391,0.155
554584,0.64
147144,0.89
378842,0.855
718401,0.0
951200,0.905
504982,0.93
504310,0.805
568737,0.34
227613,0.86
548053,0.915
759368,0.0
673604,0.28
679479,0.825
980563,0.7
413114,0.5
257318,0.935
962303,0.55
757592,0.07
541109,0.1403125
256562,0.085
943119,0.43
519624,0.795
787135,0.845
896748,0.0
756279,0.0
951372,0.225
244531,0.0
449538,0.175
835864,0.65
755141,0.025
224669,0.18625
612399,0.08
595627,0.72
568416,0.725
310324,0.565
196771,0.115
180757,0.74
471532,0.39
483534,0.25
553396,0.165
331824,0.43
482291,0.09
730214,0.0
427418,0.955
532369,0.575
730441,0.255
649894,0.175
528305,0.785
618041,0.95
552485,0.425
840122,0.72
997869,0.2358333333333333
771786,0.325
656942,0.035
471688,0.105
426759,0.67
292572,0.185
750663,0.11
801591,0.61
992990,0.7
660338,0.515
522143,0.655
584607,0.825
263392,0.325
218847,0.455
342880,0.655
779809,0.805
366537,0.85
443364,0.105
713884,0.76
531337,0.78
126583,0.715
606251,0.03
828283,0.73
151866,0.335
377569,0.815
543335,0.525
516313,0.885
493198,0.12
755195,0.25
440057,0.59
143419,0.855
586882,0.165
747706,0.035
746126,0.16
960578,0.08
494691,0.555
362790,0.615
449203,0.6
246461,0.99
682609,0.95
527780,0.04
913994,0.51
234071,0.6
562322,0.775
553120,0.695
186993,0.515
116072,0.395
517982,0.03
496167,0.18
280735,0.3
738162,0.735
299852,0.035
943732,0.035
250232,0.965
232959,0.525
194510,0.11
267771,0.21
899713,0.03
710097,0.83
446631,0.945
707366,0.83
287095,0.83
350804,0.1
943838,0.39
912405,0.0
176636,0.695
281222,0.83
705573,0.9
500979,0.39
327141,0.63
217821,0.205
901706,0.97
105447,0.18
816651,0.135
782827,0.79
713162,0.13
140214,0.945
148781,0.64
661738,0.7
197794,0.95
526752,0.32
353375,0.185
894315,0.825
305644,0.19
565725,0.95
316285,0.795
228715,0.135
511176,0.66
424314,0.895
352441,0.925
298426,0.04
360615,0.605
156555,0.26
780741,0.625
778602,0.16
886660,0.8
591533,0.86
214751,0.925
514206,0.475
850034,0.415
379805,0.0
882777,0.095
307545,0.59
461064,0.45
906941,0.09
912684,0.36
792405,0.78
953101,0.091
289961,0.885
912250,0.7
819359,0.44
468649,0.23
988710,0.27
722058,0.275
485474,0.73
835832,0.47
275788,0.0
240962,0.355
885197,0.84
663002,0.76
785638,0.015
689113,0.045
207183,0.165
980060,0.005
122088,0.02
801425,0.04
968247,0.03
806590,0.93
666363,0.655
659331,0.28
107299,0.965
332004,0.02
631315,0.02
938558,0.685
738016,0.885
671964,0.54
385564,0.12
729305,0.845
295947,0.18
327819,0.515
160666,0.04
986532,0.995
479757,0.18
775987,0.63
944926,0.07
524302,0.745
600730,0.965
225775,0.17
174615,0.815
601729,0.86
496866,0.85
872746,0.945
746037,0.145
988997,0.945
177779,0.93
230737,0.65
693085,0.21
419665,0.795
548602,0.215
878137,0.755
200837,0.85
626316,0.275
277753,0.5614285714285714
329918,0.0
589614,0.0
141737,0.18
803813,0.795
172344,0.655
569082,0.84
564745,0.03
526327,0.54
372092,0.235
726697,0.31
621511,0.16
310419,0.22
679481,0.23
466386,0.265
400838,0.805
832672,0.125
785733,0.03
888093,0.16
625331,0.825
976464,0.17
783183,0.2
664258,0.495
828554,0.84
188279,0.08764583333333334
659076,0.13699999999999998
863416,0.835
409328,0.49
908343,0.88
571510,0.91
265924,0.435
427758,0.815
553500,0.875
940792,0.34
169509,0.515
835337,0.35
741129,0.755
853370,0.82
813803,0.645
761101,0.155
833116,0.735
709471,0.81
179465,0.08
757497,0.665
748316,0.0703125
174221,0.66
236939,0.815
312681,0.735
425899,0.175
894818,0.81
576260,0.14
947073,0.82
414616,0.52
118432,0.065
309001,0.835
959130,0.7
232198,0.91
225715,0.025
314922,0.585
521547,0.52
186924,0.775
999381,0.125
182349,0.29
198207,0.79
147930,0.095
650215,0.01
757695,0.705
631071,0.01
887039,0.13
651773,0.24
376586,0.8
652789,0.205
644641,0.545
510790,0.68
156995,0.625
347613,0.575
190144,0.475
504723,0.24142857142857144
101080,0.805
385639,0.655
143343,0.14142857142857143
533482,0.815
473785,0.125
602410,0.045
596316,0.05
267029,0.09
689588,0.825
298679,0.035
506305,0.455
256606,0.175
825660,0.1
906630,0.935
608936,0.55
902029,0.73
726572,0.82
412943,0.625
125996,0.445
130793,0.41
521452,0.26
958968,0.21
115167,0.73
955712,0.065
825835,0.135
399641,0.42
114254,0.365
549100,0.105
616391,0.475
363219,0.72
947413,0.19
620479,0.44
944881,0.905
971785,0.22
941534,0.29
202621,0.05
982496,0.78
642623,0.645
133212,0.76
475418,0.105
637353,0.09
764247,0.91
486838,0.035
118523,0.01
822464,0.02
214243,0.09214285714285715
496917,0.925
239441,0.22
363355,0.03
424846,0.03
824357,0.08533333333333333
535374,0.0
823701,0.835
594306,0.29
421164,0.495
866921,0.455
764684,0.605
266934,0.345
302034,0.345
702018,0.9
603099,0.028428571428571425
445151,0.47
182803,0.065
688036,0.97
675919,0.035
911792,0.05076923076923077
988523,0.95
278229,0.93
879333,0.92
909300,0.895
847027,0.895
606261,0.97
130391,0.01
188054,0.255
927130,0.93
286168,0.78
646968,0.795
712960,0.475
870081,0.745
536862,0.775
976517,0.925
745357,0.245
960070,0.87
886555,0.75
867265,0.675
775310,0.05
730681,0.49
608069,0.605
415884,0.085
543403,0.075
234083,0.035
840445,0.84
704143,0.245
436867,0.21
562858,0.815
103493,0.395
852060,0.4575
867828,0.915
281113,0.715
714774,0.475
970273,0.335
254237,0.77
914245,0.415
423232,0.75
580514,0.935
738415,0.755
632117,0.91
686926,0.345
696423,0.715
506575,0.135
412674,0.01
838048,0.005
983892,0.01
801528,0.02
177156,0.785
423719,0.525
256102,0.985
882105,0.85
626762,0.06
817870,0.035
824862,0.675
590693,0.005
905077,0.035
396415,0.045
963326,0.095
895582,0.735
480822,0.65
115466,0.65
961008,0.54
432215,0.58
647142,0.95
623775,0.85
162905,0.015
604961,0.0
535787,0.775
622659,0.24
454954,0.19
701246,0.045
969147,0.605
713581,0.575
572767,0.575
799338,0.95
496220,0.71
169476,0.54
127980,0.9
945569,0.01
111961,0.09
659689,0.12
363098,0.77
258298,0.905
848396,0.025
711678,0.03
379329,0.115
726907,0.73
208118,0.315
966075,0.39
569397,0.825
896141,0.0
665151,0.31
291786,0.16
860140,0.0
271133,0.0
496388,0.835
969536,0.185
241152,0.06
428347,0.225
404458,0.065
192072,0.08
534407,0.04875
592292,0.22
943705,0.925
773100,0.73
462089,0.61
705371,0.19
607299,0.82
997501,0.07076923076923076
258633,0.95
393157,0.0
579009,0.595
723119,0.545
214632,0.005
792502,0.0
329311,0.1
450194,0.33
312053,0.455
701809,0.0125
621304,0.205
881091,0.685
975456,0.935
955928,0.92
584365,0.085
650228,0.08
633059,0.0125
921276,0.635
783745,0.045
411257,0.375
498431,0.405
939010,0.83
146331,0.825
295789,0.0
826759,0.075
710404,0.27
686001,0.475
189387,0.09
313727,0.08
512504,0.945
961964,0.52
242222,0.54
618605,0.18
819155,0.795
558386,0.13
508253,0.485
212030,0.235
891889,0.045
580343,0.0
144736,0.355
249617,0.14
387384,0.72
391275,0.30875
352447,0.035
981502,0.535
682297,0.61
221474,0.43
438025,0.89
761762,0.45
182867,0.215
300691,0.03
148924,0.09
358181,0.53
500134,0.54
198161,0.28
935669,0.06
261958,0.775
834424,0.78
576772,0.33
421116,0.225
786575,0.88
360346,0.76
662866,0.085
944477,0.695
500251,0.035
575454,0.40700000000000003
841972,0.555
355314,0.08
956231,0.12
908102,0.015
482244,0.835
892781,0.04
149236,0.27
641499,0.04083333333333333
118127,0.21
599656,0.095
951689,0.245
554808,0.04
845611,0.13
131309,0.035
169859,0.04
264747,0.175
819530,0.035
861805,0.295
676784,0.925
757605,0.84
635934,0.055
352942,0.06
867355,0.665
204270,0.035
433477,0.036333333333333336
723484,0.07333333333333333
948316,0.07916666666666666
939107,0.065
916388,0.035333333333333335
351101,0.035333333333333335
795762,0.15
356500,0.805
245276,0.085
784622,0.18
845792,0.81
142324,0.06
699509,0.845
498471,0.095
300750,0.055
819341,0.515
989998,0.0
145711,0.0
556226,0.535
408455,0.255
256206,0.135
567955,0.94
604675,0.25
698752,0.015
832127,0.005
803032,0.08833333333333333
803856,0.005
174580,0.06901923076923076
841431,0.59
961249,0.85
573407,0.485
957130,0.955
337830,0.93
487158,0.175
575799,0.12
530310,0.175
362618,0.225
953211,0.965
900366,0.785
275250,0.585
710177,0.78
188558,0.715
980716,0.155
764217,0.425
880894,0.215
541215,0.21
930397,0.25
266101,0.2
340194,0.0
920232,0.255
688539,0.785
698126,0.735
967261,0.315
807592,0.315
282010,0.64
371679,0.885
134893,0.0
202761,0.265
853190,0.08264583333333335
526823,0.955
903205,0.455
243851,0.605
238596,0.325
483847,0.66
656322,0.93
134885,0.78
313123,0.06
963868,0.07
574496,0.065
178682,0.685
319627,0.645
176820,0.865
534183,0.1
228928,0.075
348459,0.835
447729,0.78
384103,0.07
426350,0.655
764610,0.565
583243,0.0
866331,0.89
878569,0.715
520061,0.76
376007,0.835
364758,0.855
642005,0.1
807071,0.86
505901,0.835
712254,0.085
657009,0.21
592017,0.055
219219,0.0
687432,0.17
314169,0.265
538325,0.47
518434,0.0
571534,0.065
675351,0.915
245649,0.96
746097,0.13
548257,0.085
567192,0.25
537350,0.21
826722,0.1
968206,0.07
714412,0.2
172935,0.06
462406,0.0
586401,0.175
638209,0.835
629331,0.83
771909,0.845
564336,0.87
176992,0.12
504247,0.805
679115,0.915
779230,0.885
406071,0.015
502476,0.1
653329,0.09
483067,0.66
612939,0.205
296221,0.515
659535,0.34
868304,0.91
371325,0.39
167398,0.02
839557,0.595
691759,0.27
739812,0.065
447291,0.825
815205,0.325
392447,0.2
107348,0.37
719429,0.7075
338593,0.055
967528,0.78
105449,0.575
122173,0.0
403024,0.125
458776,0.0
823713,0.45
392789,0.45
670011,0.335
999026,0.105
963922,0.49
352166,0.85
766732,0.195
598094,0.59
276727,0.65
492216,0.17
467107,0.245
717091,0.10125
932986,0.705
578041,0.2
134977,0.545
334234,0.12
839165,0.73
368963,0.515
280785,0.935
277742,0.0
121652,0.07318589743589744
394045,0.805
862346,0.945
844078,0.3
550714,0.315
607649,0.85
339067,0.44
678556,0.06
265241,0.21243589743589744
679271,0.225
956737,0.0
546464,0.045
485011,0.78
205243,0.68
156514,0.465
164272,0.29
646473,0.2
335038,0.16
655708,0.84
615301,0.595
579225,0.03
411814,0.0
393251,0.16
844953,0.735
451527,0.1
433133,0.41
484696,0.955
692251,0.435
609025,0.685
235013,0.76
839045,0.205
167793,0.425
280325,0.905
922428,0.235
517285,0.88
639938,0.82
941170,0.165
284675,0.795
903742,0.32
111894,0.6
631880,0.52
710596,0.595
898783,0.515
108818,0.04
799813,0.23642857142857143
453207,0.045
678812,0.155
248905,0.425
816450,0.85
246691,0.08
223378,0.865
770818,0.01
100465,0.86
438642,0.085
331072,0.19
614177,0.11583333333333334
974760,0.72
362473,0.67
130480,0.8
250237,0.855
915148,0.895
269519,0.82
187054,0.67
353774,0.705
598989,0.56
128843,0.165
183658,0.12
999179,0.395
558400,0.315
150137,0.155
477148,0.01
516141,0.245
432815,0.0
833240,0.68
358035,0.665
427953,0.025
889898,0.575
407296,0.16
411738,0.015
592982,0.05
294055,0.01
266558,0.235
843265,0.075
181237,0.85
171602,0.755
728780,0.8
778419,0.845
280456,0.71
612232,0.025
246940,0.065
688199,0.4116666666666666
666141,0.17
369803,0.1
221018,0.7
801848,0.275
872322,0.01
553791,0.87
101532,0.135
933595,0.13
276642,0.63
299048,0.07
626518,0.51
165747,0.365
775822,0.84
297270,0.3
247582,0.71
278067,0.08
517529,0.045
750971,0.01
909780,0.015
499454,0.915
838657,0.835
595681,0.905
651693,0.125
799508,0.75
936541,0.285
587446,0.85
699416,0.19
862289,0.22
170700,0.68
557314,0.2916666666666667
913774,0.85
731546,0.095
229136,0.735
311950,0.245
745937,0.37
392576,0.645
918333,0.2075
489033,0.035
595528,0.245
810637,0.775
637154,0.08
484505,0.015
643178,0.02
822049,0.795
343753,0.05
252091,0.03
246531,0.02
889991,0.915
663607,0.95
987794,0.065
295498,0.735
308665,0.21642857142857141
761315,0.37642857142857145
164338,0.08
433856,0.225
304555,0.0
621344,0.755
451739,0.73
461058,0.095
533393,0.0
395393,0.76
311289,0.07
673753,0.64
663260,0.83
685535,0.57
112905,0.0
631074,0.0
633742,0.68
848285,0.055
115198,0.635
582772,0.02
799472,0.09
963576,0.8
377398,0.16
679228,0.89
726392,0.27
423660,0.12
986038,0.865
512858,0.745
972516,0.295
627226,0.575
931089,0.075
341042,0.78
515230,0.635
881715,0.65
601017,0.76
321196,0.0
238140,0.07
454706,0.945
713685,0.635
586034,0.0
363145,0.0
618546,0.69
389900,0.965
697304,0.845
123977,0.115
213100,0.39
637906,0.955
146276,0.335
394873,0.0
812136,0.945
470706,0.68
938544,0.35
518216,0.705
112732,0.875
723210,0.13
145131,0.36
163291,0.59
644061,0.18642857142857142
621022,0.77
492464,0.65
445399,0.0
296809,0.0
988595,0.425
240798,0.515
903961,0.0
369055,0.25
837376,0.16
797247,0.135
909283,0.0
487503,0.71
432880,0.025
347344,0.09
631011,0.07
838035,0.0
233326,0.0
998191,0.025
140839,0.115
163183,0.07
104246,0.905
444288,0.0
523575,0.0
992584,0.09
110841,0.1325
224396,0.0
543884,0.73
351852,0.08666666666666668
661206,0.32
851891,0.855
935605,0.565
345366,0.155
741977,0.595
979407,0.965
789393,0.185
166529,0.45
944526,0.15818589743589742
698217,0.44
888132,0.665
499987,0.025
507036,0.045
682545,0.85
941140,0.6116666666666667
763744,0.955
520328,0.045
286421,0.105
949283,0.0
133992,0.0
291753,0.292
229161,0.03
117244,0.035
465229,0.0
203486,0.0
326573,0.89
144256,0.0
376588,0.635
236418,0.9
650667,0.42
758561,0.0
528452,0.955
529232,0.0
357509,0.0
354780,0.57
505467,0.88
239083,0.315
297698,0.635
237937,0.825
897992,0.97
800520,0.495
733861,0.455
348989,0.39
248035,0.165
960606,0.07
722377,0.37
740064,0.875
845026,0.745
482088,0.0
490281,0.39
497069,0.09
779225,0.495
761553,0.0
906561,0.125
371436,0.125
495787,0.66
402118,0.0
955611,0.0
121676,0.575
227388,0.88
350606,0.0
304200,0.545
404246,0.75
801096,0.78
274785,0.65
217132,0.0
895601,0.775
812539,0.905
779017,0.865
215787,0.805
563398,0.0
749160,0.0
674540,0.0
659728,0.0
757189,0.0
689372,0.0
423537,0.835
537341,0.42
894533,0.53
678090,0.29
391989,0.005
589249,0.0
304628,0.0
228253,0.0
155649,0.0
740952,0.095
574638,0.05
968372,0.0
141599,0.08
164313,0.855
316324,0.0
225653,0.705
467858,0.875
957244,0.005
909711,0.0
547450,0.0
155393,0.0
853691,0.0
643292,0.0
667379,0.10666666666666666
328596,0.005
326099,0.48
991022,0.75
148780,0.0
181059,0.0
983054,0.0
764549,0.0
743805,0.0
182572,0.04
309209,0.75
256945,0.1
364208,0.57
219308,0.54
808463,0.0
483015,0.25
719957,0.07676470588235294
622458,0.07676470588235294
479239,0.061764705882352944
658803,0.11
383716,0.84
959374,0.0
193006,0.0
779190,0.0
248013,0.0
769040,0.305
700789,0.08
729781,0.385
623324,0.065
346213,0.585
777238,0.41
705131,0.03
215236,0.07
168824,0.18
656882,0.53
833688,0.73
601450,0.735
819939,0.635
480045,0.73
555018,0.595
771178,0.485
901933,0.42
461158,0.405
665516,0.645
759386,0.38
552270,0.185
322528,0.62
607857,0.155
816104,0.27
694671,0.78
267882,0.0
432744,0.02
376603,0.0
258483,0.03
487008,0.0
329894,0.0
271402,0.0
459663,0.0
400311,0.27
910344,0.87
746951,0.29
387938,0.445
699923,0.56
195230,0.48
133230,0.595
833416,0.32
267364,0.595
711970,0.29
789203,0.7
857018,0.09291208791208792
538715,0.07
541007,0.09
455878,0.3
302565,0.405
985370,0.05
560456,0.005
603173,0.335
628457,0.09
388268,0.16
251154,0.815
424852,0.165
105199,0.085
992312,0.62
765209,0.555
108127,0.1
425351,0.76
638074,0.055
659565,0.08
558517,0.09666666666666666
547753,0.75
976655,0.54
917797,0.41
703168,0.22
525508,0.26
128979,0.03
548717,0.85
312578,0.645
717243,0.285
865931,0.335
255378,0.68
512087,0.45
943939,0.065
474993,0.11
265274,0.625
989840,0.99
317290,0.985
552499,0.525
291362,0.38
345996,0.645
782923,0.025
773197,0.035
427097,0.71
578686,0.31
694071,0.175
612874,0.34375
780119,0.21
800968,0.26
726263,0.015
137958,0.025
418725,0.195
694951,0.785
440071,0.46
688031,0.25
697105,0.8
663987,0.665
722267,0.07
912466,0.11
117827,0.195
627381,0.395
210123,0.955
804417,0.09
249044,0.045
165171,0.08
141470,0.4575
174004,0.425
881535,0.47
310244,0.195
664857,0.89
128106,0.06
442925,0.06
415689,0.185
441444,0.8
915995,0.08
186868,0.005
328068,0.175
396240,0.645
115012,0.15
562816,0.065
426816,0.005
156416,0.405
835789,0.475
954246,0.18
258913,0.405
998623,0.435
129586,0.545
169344,0.43
684276,0.33
802937,0.12
929918,0.83
672763,0.725
471897,0.775
252316,0.485
822779,0.0
632920,0.335
273794,0.0
625871,0.08125
872364,0.46
931309,0.835
235250,0.645
793601,0.09
714141,0.005
275343,0.05
897489,0.77
363346,0.72
534474,0.16
530299,0.11
704580,0.0
949340,0.875
583849,0.09
397235,0.3
403444,0.41
402929,0.54
394105,0.0
945754,0.295
440167,0.435
225692,0.415
397673,0.015
408992,0.205
293886,0.2
856831,0.725
264460,0.56
242026,0.835
951891,0.065
297465,0.74
467538,0.01
921806,0.02
512517,0.86
166936,0.08
223401,0.04
750322,0.61
617996,0.025
360804,0.77
678468,0.10714285714285715
837112,0.72
871021,0.0675
125424,0.68
889824,0.595
691045,0.22
673407,0.025
888960,0.495
533912,0.08
579941,0.055
409871,0.54
681822,0.46
149723,0.49
776650,0.54
387050,0.795
236108,0.895
715484,0.63
835544,0.305
991425,0.11
265588,0.635
661455,0.855
432661,0.09
917059,0.39
895195,0.01
354408,0.38
531087,0.055
519258,0.035
870206,0.095
427358,0.25
192431,0.13
930198,0.08
558220,0.14
468428,0.05
675479,0.045
259936,0.08
334962,0.05
609563,0.715
218868,0.015
878244,0.055
177936,0.055
234034,0.055
292807,0.235
644860,0.065
747278,0.045
150383,0.13
241843,0.15076923076923077
209383,0.07
602991,0.055
546617,0.195
590750,0.14
713150,0.055
407950,0.045
549833,0.07
617178,0.075
963126,0.135
650085,0.03
755205,0.44
961581,0.26
790441,0.315
921538,0.305
777068,0.15
772701,0.635
137422,0.125
790299,0.085
741511,0.3516666666666666
793809,0.445
637234,0.335
298244,0.48
754068,0.516
688977,0.485
334116,0.585
154853,0.17
443638,0.64
629900,0.0
302111,0.13
928690,0.615
277360,0.855
177610,0.785
231504,0.175
526188,0.28
414483,0.185
751758,0.28
536669,0.375
289363,0.225
605280,0.27
629876,0.565
524835,0.095
370775,0.17
578814,0.095
407255,0.4
844047,0.06
422934,0.11
203732,0.53
918156,0.25
224391,0.535
481583,0.405
643564,0.785
807315,0.13
678841,0.405
874463,0.53
636587,0.1
665870,0.285
756589,0.375
892787,0.285
177512,0.08
573012,0.265
691298,0.115
919526,0.675
646457,0.6
825394,0.15576923076923077
210048,0.0
954266,0.48231250000000003
207937,0.07
866153,0.16
687017,0.09233333333333334
504830,0.5
282415,0.525
462032,0.24
225823,0.29
763018,0.33
295578,0.785
639228,0.39
709562,0.355
470809,0.285
158133,0.115
933475,0.295
742715,0.07666666666666667
174475,0.33
779273,0.14
660358,0.06
391372,0.06
462792,0.03
130354,0.025
799631,0.61
933470,0.545
709779,0.0
206135,0.315
760387,0.1075
908400,0.165
314459,0.0
311839,0.365
940007,0.385
505747,0.125
725424,0.09
705100,0.16392857142857142
369509,0.68
284860,0.64
167335,0.63
783162,0.1103125
732308,0.38
744883,0.645
825392,0.45
420723,0.11
488152,0.095
612763,0.0
127113,0.09214285714285715
912579,0.025
163117,0.0
718536,0.205
702707,0.84
725780,0.845
919971,0.235
990394,0.135
986692,0.44
773777,0.26
133167,0.22714285714285715
122197,0.09
563042,0.06
386250,0.22
766985,0.485
605834,0.07
487525,0.07
758455,0.95
497227,0.825
887306,0.0
653336,0.145
429069,0.415
257302,0.43
751826,0.13
245187,0.95
440900,0.078875
838877,0.105
518952,0.315
821981,0.1425
181807,0.125
688684,0.0
412611,0.095
754195,0.11033333333333334
980847,0.105
965828,0.475
206008,0.135
137193,0.21
721772,0.205
599572,0.49
441688,0.31
205534,0.625
815782,0.1075
296806,0.24
826788,0.1325
673310,0.13
528323,0.35
670219,0.395
815422,0.16
220994,0.215
652434,0.155
627743,0.305
284680,0.3616666666666667
878609,0.095
771514,0.35
497541,0.4
266507,0.53
825227,0.785
235816,0.65
892138,0.085
723362,0.0
548946,0.21
409523,0.04
581321,0.955
557583,0.265
767864,0.515
153267,0.335
413662,0.15
286207,0.955
600312,0.205
541262,0.105
827698,0.265
927513,0.11033333333333334
750149,0.0
974024,0.0
188075,0.087
172419,0.065
250231,0.665
708170,0.915
830125,0.39
364942,0.22
551309,0.2
263649,0.0
893105,0.0
337662,0.21
541345,0.775
891397,0.655
849802,0.135
628148,0.765
435909,0.655
555024,0.235
910174,0.0925
766720,0.235
735030,0.12
624620,0.06
301295,0.35
435381,0.0
617859,0.645
498588,0.785
359838,0.43
871134,0.09
181582,0.14
758202,0.66
244417,0.425
117001,0.22
622192,0.24
585169,0.085
712199,0.07
255194,0.375
695312,0.06
194320,0.375
372778,0.285
904154,0.065
279636,0.38
343826,0.35
288504,0.085
685236,0.161875
455061,0.39
825281,0.14
314892,0.01
419519,0.095
401794,0.12
749977,0.141875
314109,0.0
421985,0.305
214800,0.1925
461000,0.465
777448,0.38
453089,0.185
246727,0.0
832214,0.1
180446,0.125
328517,0.17
505561,0.10245535714285715
247379,0.175
670579,0.38
157814,0.415
509839,0.0
178399,0.0
289773,0.0
817138,0.0
839505,0.26
432067,0.025
769147,0.01
348925,0.3
650114,0.295
908632,0.075
340418,0.0
810387,0.19
150687,0.37
471386,0.5
903700,0.17
208038,0.33
962996,0.155
526746,0.325
424867,0.115
783540,0.365
240946,0.015
985328,0.52
332985,0.015
361603,0.095
199074,0.0
909994,0.11199999999999999
332677,0.115
127047,0.0
232716,0.0
262597,0.01
483966,0.26
475669,0.715
927614,0.0
561115,0.5875
937898,0.5975
429875,0.195
701532,0.015
391431,0.015
963410,0.0
815524,0.245
768546,0.0
766415,0.02
288208,0.03
403103,0.175
927916,0.0
907524,0.0
120991,0.545
984422,0.09
474220,0.295
245421,0.29
866780,0.115
171917,0.19
705823,0.025
871096,0.0
221579,0.4875
794032,0.255
669859,0.02
789464,0.025
213515,0.0
368636,0.23166666666666663
697054,0.28
675981,0.235
591484,0.0
198853,0.18
304234,0.35
152243,0.165
727019,0.065
510478,0.0
333883,0.19
724681,0.0
139030,0.09642857142857142
347171,0.58
271839,0.195
849825,0.17
408985,0.16
786160,0.155
543892,0.0
946632,0.0
802052,0.0
146795,0.0
715739,0.36
278964,0.135
269679,0.265
574459,0.28
937996,0.355
261117,0.295
245645,0.0
794350,0.755
381363,0.415
735110,0.145
801506,0.375
978137,0.09
697653,0.12
866634,0.25
925303,0.7
865637,0.255
983923,0.18
773299,0.0
671406,0.1
227818,0.09
374201,0.155
633425,0.085
655332,0.0
497246,0.005
843929,0.03
816436,0.015
533776,0.01
521534,0.105
910665,0.14
451092,0.08
811445,0.335
448745,0.155
161176,0.625
339644,0.485
322083,0.315
118845,0.63
243418,0.0
541514,0.185
950876,0.165
604570,0.205
828263,0.0953125
559156,0.575
260977,0.0753125
379396,0.0
895348,0.18
730660,0.355
879441,0.185
241918,0.365
981494,0.4466666666666667
647796,0.535
984617,0.175
171201,0.035
776360,0.205
663764,0.625
926546,0.095
298267,0.1
545963,0.1
846141,0.205
525725,0.14
394553,0.33
913629,0.275
458037,0.135
592794,0.0
963341,0.0
395790,0.155
929371,0.06
175452,0.305
746894,0.315
826936,0.46
955895,0.535
115758,0.13
729132,0.385
361115,0.1
269289,0.215
698961,0.45
177443,0.32
977566,0.09
321729,0.315
686374,0.1
275276,0.115
288572,0.01
365849,0.1
259037,0.175
583775,0.11
808079,0.3116666666666667
184689,0.24
109511,0.245
626197,0.11
155002,0.0
141304,0.1
115140,0.095
238017,0.065
110602,0.81
540044,0.365
949586,0.09176470588235293
358321,0.20319327731092435
198629,0.19569327731092437
305379,0.08676470588235294
399254,0.0
492964,0.695
793710,0.0
769118,0.1
118672,0.17
656002,0.0
661023,0.02
873281,0.925
243300,0.1
755047,0.135
116388,0.16
554928,0.85
358690,0.68
279912,0.295
285447,0.41
858536,0.965
996827,0.71
924108,0.905
815900,0.67
840838,0.19
624785,0.085
959669,0.0925
248557,0.0925
785728,0.64
684791,0.64
392335,0.145
829535,0.94
917009,0.465
700904,0.205
728608,0.49
556674,0.865
593224,0.4
175111,0.26
486132,0.87
277781,0.99
604571,0.35
745599,0.645
614030,0.64
765405,0.735
832631,0.335
979219,0.91
426929,0.475
891240,0.25
560633,0.96
651409,0.96
872246,0.25
609841,0.835
204518,0.1325
437522,0.67
919624,0.285
928167,0.785
224504,0.825
927835,0.685
636987,0.845
275786,0.45
128048,0.855
539831,0.545
587946,0.445
648360,0.72
447665,0.11
676499,0.545
321454,0.915
404589,0.59
515756,0.625
133808,0.76
752269,0.675
612176,0.46
685428,0.58
990913,0.705
567096,0.82
616510,0.175
613637,0.63
813364,0.605
320770,0.445
489390,0.405
765990,0.215
195841,0.845
374537,0.96
876512,0.79
303992,0.435
164471,0.78
216011,0.995
515413,0.225
624734,0.275
955816,0.955
760351,0.705
441961,0.2
483768,0.9
156612,0.205
957873,0.96
716511,0.435
446044,0.885
985602,0.245
668666,0.13
377213,0.715
704790,0.615
397193,0.72
766974,0.4625
694287,0.195
470523,0.975
332033,0.23
665695,0.71
542966,0.755
846045,0.925
621791,0.57
100355,0.865
934162,0.63
529203,0.86
422762,0.765
900459,0.4816666666666667
257164,0.9
121537,0.86
756993,0.725
643387,0.53
850891,0.59
393716,0.24
312943,0.7
331916,0.515
502074,0.64
397976,0.12
967548,0.905
895906,0.76
361600,0.55
199332,0.845
284402,0.86
895393,0.86
685970,0.475
540633,0.8
751049,0.22
689836,0.52
514875,0.89
244350,0.26
108328,0.13
316895,0.9
258496,0.09
523342,0.845
948239,0.755
312951,0.91
244127,0.39166666666666666
791150,0.715
885108,0.66
100046,0.925
641295,0.655
429912,0.335
703679,0.59
887462,0.895
688256,0.445
748612,0.905
792287,0.44
603306,0.84
420721,0.91
627729,0.4
327354,0.42
533622,0.895
692467,0.665
697769,0.41
912098,0.98
462289,0.835
773660,0.95
609759,0.065
943470,0.865
972597,0.185
461485,0.815
331784,0.21
134307,0.855
986560,0.73
236266,0.215
400716,0.925
552938,0.4
158229,0.375
937881,0.11
803307,0.75
357393,0.795
196327,0.635
936581,0.24
727563,0.685
490466,0.77
659459,0.925
133457,0.84
323730,0.255
256617,0.95
978505,0.725
866788,0.955
686645,0.245
345945,0.965
715340,0.7
550298,0.255
808921,0.095
155047,0.84
308561,0.81
492440,0.58
806302,0.86
940283,0.985
227704,1.0
686518,0.925
767844,0.795
775489,0.94
734480,0.445
508726,0.51
835910,0.58
802844,0.365
124703,0.375
756938,0.88
965272,0.19
613531,0.405
591467,0.325
569434,0.825
166732,0.105
555421,0.935
588533,0.32
772042,0.84
553538,0.735
725734,0.115
172194,0.93
666486,0.375
285248,0.705
995646,0.705
499084,0.79
465911,0.905
619176,0.98
783139,0.77
266838,0.805
240995,0.725
566189,0.555
143950,0.935
632434,0.825
909239,0.975
885989,0.28
702384,0.955
395166,0.325
901397,0.55
776786,0.36
349682,0.15
658826,0.87
458692,0.87
190969,0.94
743806,0.2
990349,0.79
313772,0.89
387088,0.705
195380,0.875
390233,0.91
122524,0.765
528204,0.405
289328,0.84
529509,0.605
430758,0.965
561180,0.905
253130,0.945
262689,0.7
449528,0.355
736882,0.105
418822,0.595
434034,0.39
880153,0.83
418124,0.31
784505,0.46
459329,0.865
516189,0.795
923730,0.37
716896,0.465
155576,0.69
290140,0.98
196942,0.94
545488,0.18
288761,0.93
594325,0.675
679424,0.84
167823,0.825
479928,0.67
489484,0.8
930323,0.33
330519,0.88
925755,0.615
338276,0.77
979545,0.7
746545,0.725
637674,0.13
855613,0.92
265535,0.865
644190,0.77
422936,0.915
953760,0.895
223280,0.98
141058,0.495
382020,0.89
599771,0.8
211765,0.805
188550,0.84
873892,0.845
804658,0.875
775849,0.4
668761,0.965
805173,0.945
646721,0.57
111176,0.505
829076,0.195
407554,0.945
202618,0.965
961913,0.93
532892,0.595
736662,0.98
397576,0.9
354840,0.91
418011,0.11
308721,0.965
156371,0.88
444880,0.585
768904,0.53
764796,0.585
923424,0.85
459221,0.875
838601,0.935
703208,0.795
442836,0.125
170381,0.975
438015,0.785
510666,0.9
577196,0.78
169496,0.82
453347,0.94
171967,0.27
945409,0.89
222094,0.865
593351,0.62
567455,0.97
751499,0.92
167300,0.65
857131,0.71
784099,0.84
225355,0.815
173526,0.84
777563,0.755
314881,0.965
459830,0.96
901985,0.895
725707,0.68
959017,0.82
197851,0.82
402685,0.585
851722,0.51
482065,0.825
531856,0.78
452467,0.65
203880,0.79
932793,0.895
682781,0.995
890767,0.955
472089,0.66
638088,0.815
420145,0.91
778396,0.84
639630,0.92
136569,0.895
596524,0.735
830595,0.89
225742,0.915
874379,0.885
365571,0.24
654527,0.24
695073,0.965
298355,0.915
121092,0.76
832169,0.955
793089,0.14
883269,0.925
219999,0.88
817411,0.28
837574,0.885
720886,0.51
157311,0.93
379673,0.765
922167,0.67
418609,0.95
128881,0.88
785724,0.94
364011,0.895
895731,0.77
516229,0.95
176993,0.63
862341,0.685
182216,0.785
751410,0.83
920570,0.965
528773,0.875
898745,0.875
681615,0.385
269821,0.82
864110,0.44
688587,0.59
110410,0.68
474332,0.89
415748,0.745
993258,0.95
613056,0.215
796944,0.845
548663,0.88
389632,0.77
481460,0.98
699142,0.91
412650,0.81
445904,0.935
758102,0.54
602544,0.69
109525,0.735
713897,0.84
548159,0.89
519851,0.165
309927,0.095
246787,0.97
992122,0.75
542365,0.255
460369,0.7875
873933,0.83
537537,0.96
908481,0.465
512528,0.875
844674,0.94
483992,0.865
487737,0.515
145304,0.815
583746,0.975
127370,0.865
928016,0.62
895315,0.93
844622,0.935
314388,0.955
404611,0.895
130333,0.615
298106,0.475
712389,0.925
533855,0.855
366357,0.975
830707,0.74
241264,0.835
692924,0.915
647535,0.865
705870,0.62
546873,0.82
647571,0.47
497883,0.89
343745,0.95
625687,0.79
407801,0.74
370975,0.855
439152,0.475
712440,0.33
774192,0.29
963723,0.975
851780,1.0
126435,0.805
357295,0.16
641921,0.96
628135,0.785
231469,0.955
984155,0.88
736149,0.185
893154,0.825
320304,0.65
748355,0.87
253540,0.915
257241,0.885
842150,0.765
340655,0.44
381384,0.775
838128,0.645
710943,0.84
126090,0.895
707396,0.835
929684,0.875
110047,0.975
139894,0.975
868405,0.4
803560,0.12
313592,0.93
377297,0.47
746357,0.965
368339,0.675
479602,0.73
198552,0.87
169192,0.715
415849,0.74
816623,0.75
810946,0.945
933679,0.91
584226,0.96
305939,0.855
963268,0.545
533168,0.405
255810,0.81
467921,0.805
993034,0.44
216071,0.975
112364,0.945
597942,0.27
294928,0.835
133569,0.95
383596,0.895
199982,0.155
982962,0.935
196021,0.11
702429,0.77
905025,0.885
494939,0.66
146849,0.85
375630,0.845
634343,0.95
866135,0.4
737391,0.625
217453,0.9
843477,0.9
536211,0.87
305594,0.895
866424,0.575
350973,0.735
522874,0.72
309839,0.71
211515,0.77
301993,0.66
752195,0.82
759151,0.065
414148,0.435
499414,0.945
821615,0.895
826148,0.715
235068,0.61
181351,0.96
326274,0.94
154916,0.895
317840,0.82
554800,0.465
330453,0.22
935609,0.92
381367,0.625
739224,0.68
717817,0.86
638524,0.44
323089,0.915
503346,0.825
545207,0.385
161626,0.805
886214,0.765
785585,0.81
423938,0.675
703399,0.93
637351,0.55
761977,0.68
611321,0.56
741351,0.11
915305,0.71
465547,0.995
910754,0.895
642234,0.915
242804,0.67
491545,0.91
146172,0.47666666666666674
448341,0.625
297856,0.655
214598,0.74
610591,0.905
484065,0.54
979431,0.54
634735,0.96
453690,0.605
795213,0.69
136288,0.92
894691,0.405
306292,0.275
206556,0.76
289854,0.205
572028,0.915
322873,0.945
984326,0.71
662995,0.825
300111,0.275
878582,0.945
144757,0.575
262778,0.73
949574,0.915
435430,0.81
780973,0.555
583123,0.34
470720,0.9
127569,0.305
564007,0.635
511418,0.94
534897,0.475
781129,0.945
432666,0.62
583749,0.905
113333,0.785
472065,0.835
755922,0.4
760465,0.295
349566,0.54
704833,0.44
310644,0.235
845811,0.94
511823,0.955
690672,0.875
409476,0.785
569908,0.785
736751,0.4366666666666667
177543,0.505
311262,0.86
320337,0.14
711999,0.785
119642,0.875
941427,0.075
567977,0.235
305952,0.845
164330,0.86
827469,0.495
132078,0.78
267966,0.3025
618666,0.8
290598,0.825
259097,0.465
837519,0.755
715929,0.94
201305,0.91
624784,0.505
986965,0.14
920380,0.61
336725,0.865
708187,0.95
235953,0.27
879948,0.56
611954,0.945
614592,0.33
744800,0.195
733471,0.315
740984,0.225
705182,0.525
518492,0.84
905811,0.745
717031,0.675
692792,0.88
463431,0.295
611920,0.1
298014,0.915
807588,0.76
886735,0.69
221995,0.485
218939,0.68
542773,0.86
585510,0.595
310372,0.945
122606,0.545
385862,0.115
831146,0.92
837712,0.79
757903,0.155
837043,0.535
657113,0.84
667720,0.785
628236,0.975
624188,0.475
300693,0.525
642428,0.11
412528,0.33
662173,0.635
841677,0.725
724384,0.675
502495,0.495
620360,0.785
980403,0.795
410909,0.805
875663,0.86
163369,0.84
560190,0.865
814255,0.49
598805,0.335
934964,0.945
612144,0.75
276054,0.845
425580,0.52375
648017,0.88
928379,0.895
242269,0.725
965129,0.825
393410,0.71
495854,0.435
427443,0.865
957286,0.955
281423,0.145
469860,0.69
508294,0.245
825173,0.355
610894,0.97
184840,0.1625
482534,0.325
665268,0.685
693227,0.71
706773,0.13
343637,0.09333333333333334
879791,0.2675
752526,0.39
307120,0.925
271039,0.67
128415,0.215
818251,0.2
145008,0.3
984885,0.8
540014,0.67
819631,0.185
876460,0.675
295802,0.107
417399,0.825
666046,0.97
257154,0.945
574509,0.91
231734,0.105
763217,0.61
432369,0.29
755427,0.64
353596,0.76
236584,0.71
499072,0.86
721601,0.89
809087,0.955
136393,0.34
853517,0.965
945090,0.805
592427,0.07125
126584,0.805
154903,0.7
479222,0.86
326437,0.77
181480,0.415
825437,0.81
365759,0.86
363141,0.825
420471,0.715
495759,0.665
446920,0.765
780408,0.365
499081,0.34
913333,0.285
721982,0.875
633899,0.1
693685,0.43
602956,0.47
660689,0.68
941592,0.055
684284,0.855
356653,0.115
465954,0.11
474427,0.23
636275,0.525
923632,0.716875
669851,0.895
147682,0.875
823797,0.87
121400,0.145
394685,0.945
204925,0.92
635994,0.875
172408,0.69
263887,0.965
176510,0.73
214226,0.915
342215,0.945
951697,0.825
551055,0.71
859568,0.615
438382,0.37
299855,0.62
183564,0.5
420134,0.855
972024,0.7
702038,0.085
824721,0.97
392271,0.94
645613,0.38
765106,0.275
278402,0.65
349774,0.185
815164,0.75
524083,0.625
151896,0.45
688029,0.82
780279,0.68
657276,0.875
933199,0.695
995073,0.74
622077,0.635
807889,0.895
514755,0.93
513655,0.215
107371,0.535
288170,0.11
681872,0.82
559373,0.72
593937,0.915
365669,0.305
423615,0.95
733542,0.745
883328,0.795
978575,0.865
706336,0.93
919692,0.395
153645,0.1
672185,0.67
327846,0.765
212580,0.375
308534,0.28
922478,0.845
962358,0.665
298120,0.86
370144,0.225
387619,0.855
742489,0.505
596205,0.84
548221,0.66
414296,0.835
359126,0.825
229538,0.965
668632,0.685
529181,0.07
271908,0.755
977949,0.675
948558,0.94
123774,0.89
303606,0.78
110533,0.46
627789,0.705
929495,0.86
515576,0.27
553413,0.805
814961,0.34
942972,0.48
872771,0.28
266326,0.825
801478,0.885
101204,0.805
719359,0.89
563253,0.92
522534,0.17
546447,0.68
340840,0.665
963232,0.55
102279,0.97
694049,0.795
731671,0.31
919409,0.795
366247,0.37
223989,0.855
187654,0.66
389075,0.06
109190,0.815
730685,0.605
275979,0.89
543472,0.75
522266,0.85
253640,0.325
194281,0.805
854210,0.9
678276,0.785
185059,0.835
185273,0.29
631628,0.68
481574,0.74375
192176,0.805
821517,0.525
886677,0.745
485175,0.845
597678,0.16
563413,0.43
131384,0.36
528863,0.095
911414,0.36
488582,0.945
305087,0.9
404859,0.99
848056,0.735
952729,0.64
322115,0.655
206351,0.85
106497,0.79
191981,0.41
977328,0.655
587221,0.93
270018,0.42
113391,0.76
817447,0.855
564863,0.74
824813,0.815
616039,0.965
125290,0.93
837913,0.855
120292,0.665
229866,0.08
602930,0.92
586572,0.355
616488,0.695
129548,0.645
777995,0.76
979916,0.24
891951,0.18
327484,0.15
417241,0.21
565793,0.585
838933,0.84
151975,0.915
217204,0.81
335557,0.91
903726,0.9
897668,0.715
426446,0.7
472368,0.8
765768,0.575
668315,0.72
748292,0.725
497339,0.835
564642,0.105
325553,0.57
258522,0.555
944803,0.3
646570,0.6
571260,0.605
617522,0.525
381908,0.81
299370,0.89
539348,0.795
720558,0.63
907064,0.66
410916,0.935
281978,0.845
491261,0.795
472861,0.05
622154,0.885
925308,0.87
869562,0.24100000000000002
136111,0.805
698888,0.715
546332,0.625
879788,0.905
464466,0.865
869500,0.855
185828,0.775
663551,0.445
656963,0.245
178460,0.78
821810,0.925
410038,0.735
426828,0.905
726279,0.77
462909,0.615
900502,0.185
537879,0.075
376276,0.87
714151,0.645
475509,0.1025
171352,0.575
165689,0.385
155783,0.595
446914,0.705
597103,0.755
455980,0.68
762498,0.195
351765,0.615
927363,0.87
760588,0.655
172483,0.765
420228,0.855
414861,0.56
477436,0.115
251088,0.465
598012,0.09
156805,0.805
379207,0.865
857605,0.51
776851,0.735
361854,0.1
333548,0.415
193213,0.675
322942,0.455
236975,0.61
215658,0.9
157022,0.44
955450,0.795
288789,0.315
173718,0.825
556716,0.835
437612,0.765
275864,0.97
832969,0.785
898404,0.895
856774,0.75
577565,0.735
584654,0.77
687247,0.06
150748,0.25
724614,0.095
818516,0.89
509051,0.78
703500,0.465
586537,0.07
453462,0.685
305736,0.43
146257,0.115
630894,0.45
679096,0.785
721304,0.7
107959,0.63
852263,0.58
561620,0.235
532060,0.695
431232,0.35
801814,0.505
468883,0.715
284060,0.57
947905,0.785
962087,0.19
789852,0.5675
743505,0.915
112291,0.8
681384,0.275
547289,0.85
516533,0.645
805363,0.4
385265,0.15
195842,0.28
564034,0.525
890163,0.815
804255,0.725
282490,0.316875
126528,0.08
881701,0.82
970652,0.77
354617,0.8
258405,0.41
867340,0.825
250724,0.16
340846,0.525
532620,0.61
807300,0.7183333333333333
265589,0.6133333333333334
653407,0.275
433335,0.09
951281,0.8
239023,0.78
413968,0.48
283657,0.925
442616,0.755
664806,0.3
834197,0.4745833333333333
468196,0.8
361273,0.0725
844092,0.33
659794,0.025
520948,0.02
613979,0.055
328882,0.02
475464,0.42666666666666664
405822,0.945
161785,0.845
155537,0.52
489176,0.335
787557,0.595
940272,0.92
295277,0.76
967064,0.76
403234,0.92
595696,0.885
651447,0.225
481404,0.78
408736,0.825
852624,0.875
995809,0.95
262405,0.97
363090,0.71
543781,0.51
344584,0.79
251483,0.855
626170,0.85
917727,0.78
986822,0.935
728650,0.765
709338,0.815
334739,0.105
555067,0.845
291838,0.6
323964,0.625
591998,0.915
596896,0.74
559143,0.635
743275,0.39
213520,0.815
558557,0.63
300586,0.11625
581664,0.22875
316936,0.43
264280,0.635
254447,0.075
735966,0.47
441627,0.475
768529,0.67
323237,0.885
614086,0.805
543999,0.105
251594,0.845
473892,0.205
804531,0.52
977105,0.785
524060,0.84
861107,0.9
806876,0.905
433010,0.54
858921,0.595
346280,0.345
305653,0.68
258123,0.695
724891,0.845
708463,0.845
568027,0.765
388724,0.37
151811,0.10833333333333332
990422,0.285
797318,0.095
554160,0.11
574033,0.87
387989,0.7483333333333333
831848,0.68
355301,0.125
681810,0.14
584248,0.94
941775,0.345
392916,0.635
201973,0.67
436573,0.58
565424,0.34
655859,0.595
403791,0.225
900852,0.205
274633,0.935
222335,0.96
951367,0.51
480589,0.615
753457,0.29
109004,0.135
933850,0.39
231830,0.195
739242,0.73
503727,0.83
536826,0.27
354750,0.78
882166,0.62
482832,0.725
157849,0.12
859893,0.55
855860,0.16666666666666663
335164,0.54
539940,0.41
821283,0.1175
773248,0.725
466352,0.775
509676,0.445
436370,0.23166666666666663
224701,0.40333333333333327
224915,0.48
253677,0.285
158011,0.375
677984,0.08
930657,0.77
505714,0.16
898923,0.605
356305,0.135
353811,0.145
759478,0.32
962371,0.07
332551,0.075
118622,0.085
453865,0.075
268733,0.07
377976,0.08
988323,0.075
564659,0.24142857142857144
498990,0.48700000000000004
233141,0.325
394569,0.39
935366,0.15
466186,0.165
187725,0.225
148740,0.025
430145,0.075
364750,0.1
457030,0.605
225770,0.08
735521,0.1
475821,0.24
553012,0.965
124823,0.23
924696,0.87
247666,0.86
646949,0.37
518852,0.81
335657,0.91
512253,0.925
380305,0.465
687822,0.31
414221,0.625
396384,0.68
643155,0.82
150033,0.145
628906,0.42
431009,0.91
474164,0.505
578173,0.93
169847,0.89
484361,0.865
924732,0.885
240378,0.945
259273,0.755
622999,0.88
609213,0.84
594087,0.955
273448,0.675
511639,0.25
576240,0.72
443545,0.46
228214,0.33
869946,0.675
938848,0.285
826951,0.645
884989,0.38
383977,0.145
636805,0.945
592259,0.255
157209,0.59
488645,0.915
887374,0.08
253363,0.2
851274,0.09
490183,0.27
799675,0.84
930687,0.37
723920,0.435
274794,0.57
893281,0.875
492437,0.21
825036,0.755
140972,0.2925
426997,0.065
853342,0.38
282634,0.175
902498,0.145
138500,0.895
273422,0.92
363036,0.89
834042,0.79
546983,0.53
542131,0.265
117604,0.93
565723,0.765
895355,0.91
545374,0.925
401690,0.935
739537,0.105
231426,0.435
205112,0.725
946134,0.225
414453,0.555
428578,0.65
449450,0.755
659933,0.235
333289,0.655
686507,0.925
596004,0.14
746873,0.125
516805,0.17
219541,0.09
675165,0.21
869144,0.09
430505,0.125
404887,0.145
974307,0.53
116373,0.69
964693,0.815
495598,0.72
434453,0.53
701598,0.44
717910,0.75
553184,0.285
214492,0.285
658145,0.48
178739,0.835
440506,0.83
218588,0.27
106091,0.505
590079,0.535
302575,0.905
899376,0.175
490422,0.765
718144,0.775
120895,0.765
345665,0.915
951626,0.975
201041,0.135
157735,0.58
760182,0.435
311614,0.095
816721,0.13
549683,0.185
733030,0.17
190589,0.91
913926,0.205
689909,0.19
952913,0.075
626637,0.085
272529,0.175
791605,0.355
814855,0.145
989059,0.115
833461,0.195
496440,0.27
676667,0.26
857616,0.15
733144,0.935
532488,0.91
977891,0.32
587007,0.855
188020,0.855
790623,0.62
573980,0.795
604859,0.38
249157,0.485
515370,0.49
164504,0.235
589154,0.74
483748,0.65
439472,0.13
193414,0.485
523499,0.685
210807,0.895
915487,0.35
807036,0.305
100198,0.87
747263,0.085
254105,0.765
591157,0.795
276135,0.055
399831,0.345
698658,0.515
134778,0.145
604519,0.715
373047,0.345
126015,0.515
242328,0.57
249770,0.605
560217,0.855
366271,0.86
328589,0.64
184190,0.9
930384,0.9
966855,0.255
169508,0.965
244890,0.705
320432,0.36
556519,0.165
219811,0.25
611714,0.33
455279,0.095
844716,0.11
442469,0.08
470373,0.075
120320,0.295
638460,0.04
989806,0.52
341001,0.77
692106,0.1
371759,0.11
289530,0.56
645007,0.06
644936,0.975
240709,0.905
547750,0.71
262502,0.42
286957,0.255
744063,0.945
896203,0.1
510480,0.19
120230,0.97
888352,0.895
577692,0.575
779227,0.92
212400,0.27
348904,0.875
364491,0.06
116897,0.095
557126,0.205
444028,0.33
364662,0.14
931155,0.33
493605,0.035
656891,0.225
300113,0.93
495957,0.215
499577,0.64
100990,0.185
658251,0.615
125291,0.15
378168,0.195
732198,0.13
281923,0.245
738571,0.38
110582,0.015
633458,0.745
149147,0.25
838475,0.07
524386,0.05
227493,0.795
387997,0.15
705257,0.325
450680,0.655
870016,0.965
813614,0.795
554341,0.79
414402,0.155
516833,0.795
483707,0.055
929197,0.475
234050,0.665
750389,0.445
431529,0.825
978731,0.835
453838,0.355
881055,0.665
129546,0.785
248673,0.83
197195,0.86
954576,0.655
243751,0.815
904498,0.86
378368,0.79
845948,0.135
707539,0.905
119799,0.535
249750,0.23
331285,0.84
784276,0.275
533116,0.94
360837,0.85
686002,0.43
584753,0.755
511340,0.825
535333,0.92
686054,0.45
713814,0.915
632296,0.785
485246,0.8
119241,0.46
398298,0.26
130550,0.895
242864,0.76
828282,0.805
827735,0.76
390090,0.69
289516,0.89
686085,0.47
458169,0.665
241685,0.745
424608,0.815
420129,0.96
611822,0.735
493832,0.8
783782,0.82
457941,0.09
442417,0.68
162439,0.88
741390,0.555
764040,0.65
276284,0.835
760937,0.935
305801,0.94
558444,0.81
576302,0.955
268491,0.94
606398,0.27
978947,0.525
946600,0.985
691556,0.075
529768,0.95
219751,0.87
910942,0.88
142557,0.32
559580,0.505
734937,0.39
329597,0.205
429602,0.895
862046,0.935
951201,0.75
709163,0.93
232937,0.935
415789,0.855
457094,0.39
276545,0.675
858587,0.725
381147,0.7416666666666667
978266,0.885
193125,0.19
711618,0.385
320774,0.75
375327,0.515
432864,0.115
915527,0.585
919875,0.385
816610,0.45
241062,0.2
250697,0.54
974397,0.76
888186,0.035
898646,0.34
475805,0.1
413973,0.81
955747,0.785
192329,0.225
311731,0.62
164958,0.745
357239,0.76
790022,0.59
557496,0.875
349532,0.94
749237,0.115
902104,0.6
518192,0.84
522578,0.17
385039,0.13
174104,0.085
539859,0.975
736152,0.985
843346,0.11
428782,0.79
382080,0.94
317820,0.135
996850,0.735
132501,0.975
656836,0.665
480507,0.265
411259,0.91
479428,0.29
842462,0.395
468153,0.885
607223,0.835
813804,0.825
500666,0.63
797647,0.655
107125,0.77
221039,0.905
255600,0.945
872207,0.2
558177,0.835
753763,0.945
772803,0.94
146062,0.15
801875,0.93
468193,0.08
723544,0.245
998387,0.955
336535,0.92
248446,0.935
906679,0.86
687030,0.2
321220,0.335
798824,0.935
245074,0.62
681208,0.2
926385,0.03
209382,0.93
687878,0.78
189254,0.64
429968,0.87
991885,0.895
656043,0.96
828328,0.84
349177,0.82
854864,0.745
728621,0.31
465539,0.91
225093,0.955
309960,0.91
852707,0.89
610460,0.635
154197,0.19
119515,0.57
914297,0.095
840112,0.91
113822,0.805
196601,0.79
880572,0.935
697492,0.675
685919,0.665
909289,0.955
369716,0.135
312319,0.76
982902,0.94
679000,0.44
704418,0.04
542882,0.385
834310,0.9
623896,0.94
168195,0.865
792108,0.82
614043,0.155
272488,0.59
208097,0.155
433081,0.98
585375,0.87
592573,0.395
377155,0.515
770662,0.71
543212,0.42
560290,0.895
919901,0.785
208943,0.17
303657,0.835
955719,0.795
401711,0.71
617681,0.73
849748,0.955
159886,0.89
464029,0.785
774631,0.84
406411,0.88
756744,0.045
512800,0.855
628842,0.085
718465,0.115
568209,0.695
561005,0.085
521789,0.72
781609,0.985
888343,0.77
945667,0.9
645685,0.855
994791,0.73
727636,0.7
978604,0.81
790823,0.805
963737,0.16
953280,0.875
804742,0.855
723831,0.85
851787,0.495
164296,0.55
874080,0.9
242612,0.955
169029,0.22
401669,0.33
269183,0.44
988731,0.18
636918,0.15
116840,0.18
583429,0.035
820262,0.11
995190,0.15
281226,0.72
413113,0.95
359359,0.905
389252,0.87
589866,0.345
614109,0.38
295344,0.22
866811,0.15
336913,0.59
999666,0.93
689598,0.97
383775,0.96
590587,0.98
466316,0.955
160385,0.04
686039,0.91
401733,0.96
530975,0.925
493491,0.975
346733,0.92
871954,0.435
628628,0.76
486546,0.945
662811,0.98
778646,0.45
941256,0.11
280359,0.42
488109,0.94
760951,0.78
174870,0.065
231487,0.18
610359,0.045
128373,0.465
778312,0.955
407538,0.845
898965,0.53
350361,0.36
567866,0.675
104276,0.945
287752,0.28
743846,0.245
943660,0.875
938804,0.43
480366,0.94
492839,0.93
136929,0.885
768724,0.495
254863,0.98
840106,0.98
776695,0.985
564135,0.11
331832,0.8
616013,0.43
343638,0.925
778598,0.945
963060,0.72
388324,0.875
778361,0.88
857760,0.185
293387,0.97
780760,0.735
881504,0.535
927057,0.92
297324,0.065
604752,0.845
137684,0.355
908519,0.77
495001,0.79
930848,0.57
924519,0.905
573564,0.82
423978,0.91
952415,0.875
767718,0.665
510883,0.92
760003,0.87
124006,0.685
847657,0.63
714902,0.32
893768,0.295
463634,0.225
967799,0.215
842085,0.185
822721,0.195
559614,0.2
695069,0.975
102724,0.935
352577,0.9766666666666667
999583,0.835
769940,0.13
334168,0.265
276008,0.975
539016,0.975
680593,0.97375
644544,0.95
948002,0.97
275534,0.965
368442,0.62
546377,0.955
844147,0.97
400398,0.96
102038,0.975
924369,0.975
993969,0.725
698794,0.97
358207,0.985
284352,0.99
550800,0.955
982698,0.97875
129984,0.955
736087,0.965
748489,0.975
532270,0.975
138108,0.975
513106,0.965
510225,1.0
460545,0.98
523954,0.925
316975,0.21
376465,0.965
986447,0.93
131475,0.965
439744,0.725
231299,0.8
915583,0.955
701628,0.985
594892,0.99
955190,0.735
169957,0.985
650335,0.42
493254,0.16
428831,0.98
354410,0.94
528524,0.975
515788,0.175
323634,0.585
312699,0.68
485540,0.355
406073,0.83
470608,0.98
315233,0.285
439009,0.62
501890,0.72
239505,0.7
185887,0.07
911273,0.2
613686,0.36
698696,0.09875
764034,0.065
592164,0.125
742708,0.065
566445,0.06
242771,0.085
865334,0.095
584153,0.035
658661,0.12
461560,0.29
149250,0.16
563986,0.055
965055,0.125
393140,0.28
130013,0.895
346370,0.965
193848,0.12
842914,0.125
531187,0.785
707890,0.355
588697,0.085
291458,0.05
299057,0.11
330522,0.365
106390,0.1
347968,0.035
440738,0.105
382251,0.12
486419,0.075
567128,0.88
325861,0.865
726507,0.785
703795,0.47
217867,0.925
603482,0.565
688056,0.32
834545,0.065
501493,0.725
696056,0.745
683168,0.9
214056,0.89
177721,0.895
742611,0.955
482286,0.96
387392,0.945
143089,0.755
391323,0.955
810722,0.21
374336,0.915
629976,0.855
272348,0.755
581128,0.19
627481,0.095
679650,0.23
542585,0.105
455604,0.795
421216,0.98
867513,0.84
417988,0.745
232061,0.93
744647,0.955
629394,0.325
173518,0.24
938400,0.455
574685,0.23
768041,0.295
537084,0.9
646875,0.77
247576,0.595
931761,0.685
126786,0.19
292596,0.98
707208,0.635
681409,0.58
426390,0.39
577090,0.65
709766,0.555
616356,0.825
135010,0.645
967706,0.945
188325,0.155
330521,0.815
443690,0.235
793663,0.11
898515,0.19
956012,0.23
943595,0.285
214097,0.22
515367,0.115
758347,0.435
288197,0.495
707055,0.18
890820,0.355
261760,0.315
281623,0.745
256425,0.18
445913,0.59
446281,0.35
339762,0.87
567108,0.355
146376,0.15125
173881,0.85
432644,0.355
317321,0.195
240496,0.16
232811,0.685
313733,0.865
556527,0.16
644204,0.135
188099,0.33
220697,0.99
557814,0.9
408776,0.19
673439,0.88
756134,0.76
291151,0.945
559265,0.91
439117,0.955
822092,0.87
767977,0.695
797135,0.765
351505,0.895
346073,0.825
258317,0.07
675332,0.915
544096,0.825
485677,0.865
475350,0.225
614583,0.175
607159,0.2
189457,0.92
655376,0.785
601691,0.79
897458,0.275
957180,0.745
416396,0.81
439867,0.29
479035,0.97
829926,0.77
245209,0.34
975931,0.995
571337,0.91
192470,0.3
477050,0.785
924397,0.085
319457,0.71
727991,0.975
355819,0.08
151355,0.31
802435,0.17
281922,0.23
135896,0.995
332914,0.83
215941,0.63
660016,0.93
131607,0.715
672913,0.92
868682,0.735
975233,0.935
909215,0.89
517111,0.095
317244,0.185
663721,0.59
609461,0.98
797866,0.455
761127,0.97375
662525,0.865
641715,0.735
996078,0.84
742778,0.915
314159,0.58
186188,0.38
731345,0.15
127213,0.95
599964,0.965
367523,0.22
179769,0.8
678033,0.945
848332,0.99
329476,0.96
302530,0.985
169782,0.91
452324,0.375
187088,0.345
607598,0.185
415198,0.175
798641,0.66
713750,0.945
647783,0.155
616133,0.935
656100,0.16
965844,0.785
492910,0.46
252057,0.97
836680,0.765
660965,0.99
457630,1.0
957757,0.725
649626,0.995
165308,0.23
837618,0.54
624031,0.645
976991,0.78
545350,0.97
423670,0.98
488038,0.945
639173,0.965
760315,0.94
423873,0.985
100574,0.9
588783,0.755
954515,0.89
965351,0.93
207801,0.995
463859,0.83
378715,0.745
906669,0.89
799056,0.965
873052,0.865
961400,0.97
470618,0.895
406723,0.895
656305,0.95
259829,0.135
817484,0.095
617997,0.975
476785,0.1
447110,0.78
192634,0.985
323718,0.72
900433,0.985
468187,0.81
212197,0.98
758331,0.665
775817,0.085
824390,0.99
584002,0.84
395967,0.815
455796,0.195
560840,0.915
724661,0.61
728911,0.995
811063,0.99
629122,0.085
144833,0.975
134929,0.785
756218,0.115
969229,0.665
473230,0.88
699982,0.94
813020,0.7
226052,0.975
908672,0.835
572572,0.89
862569,0.975
854085,0.055
815888,0.995
584824,0.96
661165,0.67
951169,0.34
745920,0.835
571424,0.965
723249,0.87
451597,0.94
204248,0.9
253996,0.03
780475,0.69
197008,0.75
704205,0.93
980199,0.97
286899,0.875
412980,0.82
607130,0.675
266401,0.91
501565,0.22
824870,0.14
521264,0.945
270535,0.98
108283,0.885
155463,0.09
610960,0.705
491490,0.975
757434,0.85
151119,0.9
371017,0.935
189365,0.92
485276,0.99
460787,0.785
144254,0.685
501504,0.83
671987,0.925
781829,0.825
835687,0.98
631477,0.935
692249,0.97
939049,0.955
660755,0.835
465370,0.545
969012,0.87
148838,0.125
709565,0.61
666712,0.9
739092,0.915
273965,0.05
573238,0.03
900575,0.095
752218,0.015
719008,0.08
243273,0.035
809291,0.05
658835,0.06
173886,0.56
357549,0.05
515365,0.065
576611,0.035
663731,0.99
328538,0.815
577651,0.84
391134,0.4
801443,0.235
118719,0.675
815584,0.085
417917,0.9
279306,0.42
658426,0.985
135142,1.0
933311,0.14
697872,0.175
772535,0.815
627115,0.84
692903,0.755
368332,0.81
248497,0.99
696161,0.465
810964,0.875
233278,0.635
203386,0.92
292198,0.8
369826,1.0
745223,0.875
832923,0.095
826365,0.055
889273,0.055
149866,0.975
404877,0.64
459408,0.875
986069,0.87
293673,0.95
294007,0.81
567997,0.18125
297440,0.32833333333333337
914255,0.91
627678,0.795
885144,0.56
752126,0.695
925624,0.14
555256,0.945
987230,0.86
527313,0.81
566705,0.97
268155,0.91
764888,0.295
909341,0.76
560273,0.7
312721,0.18
367448,0.08
401766,0.515
515280,0.205
858288,0.03
208108,0.97
690687,0.845
645525,0.875
280267,0.705
265559,0.855
759826,0.685
487136,0.725
108498,0.81
357683,0.43
331191,0.38
845718,0.975
795712,0.91
524844,0.89
890029,0.61
698942,0.635
784143,0.09
439879,0.36
580545,0.56
564468,0.045
609454,0.895
274045,0.85
164824,0.615
969850,0.59
805967,0.93
937008,0.8
825789,0.92
422251,0.115
822271,0.035
946339,0.045
869434,0.08
527772,0.03
825682,0.085
331985,0.075
967180,0.245
233420,0.13
776485,0.09
752471,0.46
324242,0.23
190377,0.875
934620,0.095
745491,0.095
124148,0.675
572529,0.92
412150,0.395
270150,0.7
910551,0.065
467718,0.375
197199,0.695
165240,0.16
617069,0.755
329832,0.195
384401,0.26
797669,0.9
320324,0.935
405968,0.79
975907,0.25
734784,0.095
614604,0.935
813332,0.58
817497,0.72
636672,0.19166666666666665
489408,0.66
171049,0.17
224613,0.19
931995,0.835
250131,0.115
187593,0.99
429428,0.14
885533,0.9716666666666667
405121,0.89
816505,0.995
725062,0.585
454892,0.33
290398,0.575
300851,0.945
830886,0.785
339551,0.915
226225,0.2
933594,0.855
543249,0.115
858949,0.89
921300,0.96
240055,0.33
502997,0.335
225787,0.275
539925,0.865
650428,0.995
499849,0.915
938234,0.955
823719,0.84
271785,0.94
378993,0.755
572932,0.76
842760,0.18
847083,0.495
626389,0.055
705686,0.96
897025,0.95
697081,1.0
800555,0.955
220713,0.32
719536,0.065
753036,1.0
428043,0.325
726217,0.982
780233,0.955
706870,0.71
250388,0.69
639620,0.9
101348,0.225
423259,0.975
988608,0.35
574618,0.485
933813,0.475
290142,0.92
103032,0.695
546920,0.925
935402,0.965
800477,0.945
494802,0.965
473616,0.685
887362,0.775
639682,0.865
536275,0.655
319278,0.725
161634,0.285
178299,0.415
744357,0.23
212062,0.9
765275,0.835
882473,0.155
532574,0.92
862472,0.275
811598,0.94
234575,0.85
335056,0.76
440630,0.86
808397,0.04
262964,0.575
679455,0.77
449475,0.81
905174,0.185
507018,0.11
812342,0.03
659195,0.14
256040,0.145
279086,0.69
407273,0.83
207572,0.7
250746,0.865
235831,0.965
230548,0.165
151508,0.055
785140,0.665
613818,0.4
936045,0.92
770555,0.34
508795,0.6
592663,0.775
594857,0.98
255397,0.91
755071,0.76
190598,0.98
782686,0.905
937132,0.97
663081,0.87
816400,0.815
898153,0.96
532140,0.655
583415,0.97
749235,0.975
412915,0.89
803282,0.995
969381,0.875
361062,0.97
975977,0.94
432754,0.895
343244,1.0
861931,0.985
831649,0.015
529242,0.005
900781,0.015
164224,0.095
437414,0.0
706795,0.11
123674,0.025
125426,0.095
266540,0.05
906138,0.015
454722,0.015
425310,0.885
761444,0.0
158052,0.05
328913,0.05
582178,0.965
840852,0.015
551980,0.0
788997,0.0
771639,0.0
686200,0.005
866739,0.0
346391,0.055
294380,0.0
566648,0.815
809733,0.0
168850,0.0
854065,0.005
324687,0.0
869406,0.0
759734,0.005
595553,0.0
279316,0.0
949221,0.015
139276,0.0
253951,0.0
240428,0.0
180960,0.0
475903,0.09
465359,0.005
944326,0.0
859245,0.005
942872,0.005
590946,0.855
406948,0.11
229919,0.015
933791,0.0
201421,0.0
405892,0.745
190132,0.93
753234,0.515
806944,0.725
805447,0.88
612188,0.07
750687,0.985
203173,0.7
447084,0.975
488184,0.97
360806,0.765
946976,0.85
122523,0.79
621508,0.165
331894,0.19
252579,0.265
958243,0.38
133829,0.255
475146,0.195
272213,0.96
240716,0.995
211204,0.1
976688,0.18
757539,0.19
434380,0.855
554714,0.205
856836,0.975
527134,0.15
647911,0.96
474317,0.98
682754,0.965
104070,0.975
750276,0.056666666666666664
631435,0.015
694089,0.96
654061,0.995
116282,0.87
375189,0.985
133902,1.0
818482,0.995
670556,0.975
916791,0.98
356771,1.0
259489,0.985
647577,1.0
492962,0.98
856996,0.97
418737,0.175
186606,0.025
188353,0.025
330070,0.105
344748,0.015
617073,0.35
188157,0.085
453224,0.815
895936,0.35166666666666674
476792,0.05
212823,0.36
627396,0.04
162445,0.065
784190,0.045
260040,0.99
639241,1.0
729029,1.0
102401,0.995
531420,0.41
123483,0.065
256193,0.07
854733,0.04
954744,0.265
575556,0.89
726184,0.91
788974,0.62
189569,0.98
977691,0.25
718041,0.765
147605,0.72
906690,0.67
766892,0.525
875207,0.945
353139,0.925
872310,0.825
572444,0.885
325678,0.895
498764,0.88
271279,0.635
981500,0.19
680231,0.145
121667,0.945
393346,0.95
988406,0.855
313087,0.96
249685,0.07
352599,0.92
908202,0.94
121398,0.945
720530,0.635
897743,0.005
221413,0.64
551252,0.32
274779,0.68
961268,0.845
462425,0.115
582636,0.185
426633,0.825
414643,0.855
548834,0.945
532613,0.04
681414,0.945
891431,0.025
839409,0.94
581056,0.45
935778,0.96
160722,0.055
853328,0.07
111518,0.08
654069,0.05
363762,0.995
155752,0.055
972650,1.0
955574,0.04
319100,0.865
166547,0.985
661890,0.99
961899,0.045
778260,0.86
998136,0.055
601295,0.64
743042,0.92
754314,0.555
282703,0.52
856652,0.01
152939,1.0
852091,0.985
589822,0.995
946694,0.995
596950,1.0
829408,1.0
615799,0.995
364561,0.995
678554,0.995
225908,0.995
813817,0.995
532922,0.88
448821,0.93
735052,1.0
661022,1.0
628546,0.995
395545,0.99
775357,0.995
698130,0.99
986233,0.985
664100,0.98
278176,0.995
497678,0.995
528549,1.0
806215,1.0
757488,1.0
463167,1.0
532609,0.995
905123,1.0
480565,0.995
137983,0.995
682700,0.975
976039,0.945
752415,0.865
252577,1.0
841195,0.985
538829,0.055
408545,0.855
937825,0.88
989959,0.045
176829,0.015
335243,0.055
749274,0.905
132833,0.935
579631,1.0
607230,0.975
531923,0.995
977292,1.0
886636,1.0
402502,0.98
400901,1.0
229669,0.995
204480,0.045
794233,0.055
563925,0.8
975418,0.02
902193,0.165
920117,0.135
271798,0.14
632666,0.07
623972,0.115
651918,0.0
206983,0.165
446077,0.435
182266,0.005
340056,0.0
532103,0.005
462953,0.0
603957,0.075
348287,0.9
428528,0.705
740630,0.055
544261,0.145
818599,0.97
377545,0.815
605546,0.62
173502,0.715
375268,0.10875
377445,0.515
781036,0.975
187216,0.89
107674,0.97
345968,0.055
146111,0.805
868988,0.31
700322,0.885
627220,0.935
482514,0.175
236134,0.18
926630,0.02
220482,0.02
161905,0.02
662494,0.845
978852,0.02
815443,0.01
570316,0.015
881653,0.095
262590,0.985
431797,0.92
213362,0.965
571696,0.66
473597,1.0
278181,1.0
299091,1.0
772239,1.0
276543,0.89
685183,0.955
466780,0.775
645654,0.975
710796,0.995
538103,1.0
848941,0.085
311067,0.99
428258,0.815
649106,0.995
524564,0.98
584288,0.055
295311,0.19
865049,0.215
736944,0.18
841355,0.755
957497,0.92
171987,0.715
930481,0.395
235134,0.12
581667,0.58
687117,0.835
374867,0.12
119664,0.965
769365,0.18
607150,0.945
380720,0.88
741765,0.96
331721,0.91
352782,0.985
730853,0.995
509038,0.945
865972,1.0
512537,0.975
966939,0.805
597057,1.0
716374,1.0
883902,0.04
800045,0.97
958095,0.105
366575,0.17
136837,0.75
290462,0.05
864509,0.1
830955,0.05
185733,0.01
811536,0.12
644789,0.16
154918,0.095
726997,0.025
844380,0.06
914103,0.03
218247,0.1
617085,0.08
723777,0.035
868376,0.065
446460,0.035
693310,0.06
471583,0.04
304961,0.995
530627,0.04
955016,0.085
235381,0.045
563171,0.96
222553,0.79
825371,0.995
429675,0.9
100826,0.945
755283,0.99
836996,0.91
744334,0.99
476998,1.0
396315,0.985
906388,0.96
500885,0.98
687996,0.895
703734,0.14
640093,0.835
836019,0.675
324700,0.985
809645,0.975
169904,1.0
679315,1.0
519366,0.98
829357,0.995
581208,1.0
606717,0.99
126275,0.97
466531,1.0
754335,1.0
970903,0.795
709371,0.95
996934,0.965
554644,0.83
888990,0.98
136669,1.0
401473,0.985
679809,0.905
815363,0.99
296785,0.79
799274,0.015
362768,0.99
148983,0.015
203770,0.28
981959,0.995
614987,0.99
274411,0.995
762055,0.99
503484,0.91
987089,0.995
995761,0.985
642868,0.985
515604,0.97
613412,0.975
728787,0.2
212950,0.175
423106,0.05
458136,0.21
192291,0.225
257413,0.0
438466,0.0
192251,0.02
482295,0.0
343636,0.87
227845,0.795
527896,0.075
716884,0.075
833406,0.815
325215,0.835
535724,0.055
589813,0.055
863392,0.975
160222,0.065
905384,0.92
320833,0.82
710886,0.66
847116,0.815
529015,0.07
593519,0.82
102218,0.575
584735,0.075
186934,0.05
485680,0.785
307020,0.885
986110,0.93
628240,0.52
139980,0.0
687861,0.935
798578,0.805
237314,0.88
808989,0.98
616819,0.15
603008,0.995
646901,0.785
458438,0.93
895733,0.08166666666666668
233277,0.945
606377,0.735
468324,0.93
866807,0.87
270999,0.98
644385,0.9
188049,0.0
886940,0.035
946069,0.98
622305,0.0
402646,0.0
472614,0.0
196491,0.0
771336,0.005
612287,0.01
384153,0.0
420631,0.0
704530,0.0
468568,0.005
516221,0.0
588904,0.005
523795,0.0
170793,0.155
200813,0.16
895592,0.58
262681,0.81
861387,0.25
553221,0.64
701545,0.855
999432,0.61
565236,0.035
680618,0.015
496180,0.285
636110,0.02
608261,0.065
351943,0.69
887245,0.09
193237,0.105
169698,0.475
242550,0.4
287586,0.15
837392,0.08
629077,0.07
249732,0.11
288326,0.23
257395,0.99
465166,0.99
114993,0.99
572701,0.745
169821,0.74
420804,0.14
726728,0.995
143608,0.185
219520,1.0
459027,0.025
662981,0.81
172452,0.75
261212,1.0
980912,0.945
456329,0.4433333333333333
409574,0.975
603020,0.465
230529,0.825
903783,0.87
782905,0.995
682352,1.0
906552,1.0
819309,0.84
478886,0.67
688797,0.75
203232,0.92
572938,0.835
457141,0.995
470654,0.285
160124,0.985
537949,0.96
509559,0.965
666487,1.0
996613,0.995
236048,1.0
423130,0.235
243303,0.955
699859,0.98
217651,0.785
888214,0.7066666666666667
861583,0.5
111332,0.1
462045,0.0
974122,1.0
957001,0.635
166949,0.705
446114,0.885
836529,0.96
310457,0.67
138249,0.96
508642,0.92
877090,0.92
788574,0.865
359692,0.96
843682,1.0
412708,1.0
771308,1.0
698930,0.995
184511,0.99
275888,0.94
878199,0.985
384372,0.015
413351,0.955
357964,0.95
145381,0.985
145687,0.95
865022,0.99
721335,0.99
421036,0.98
781870,0.165
544968,0.0
920558,0.015
771440,0.025
537529,0.015
162098,0.99
393939,0.99
659576,0.99
626501,1.0
258837,1.0
939373,1.0
119281,0.915
519667,0.36
838294,0.895
293256,1.0
241619,0.995
755336,0.09
663542,0.8575
985804,0.8575
548938,0.085
737520,0.05
351888,0.025
264647,0.76
672530,0.535
729952,0.83
753223,0.895
934275,1.0
384521,0.875
804682,0.655
791333,0.03
986760,0.975
169714,0.01
628756,0.13
327293,0.03
808399,0.805
704606,0.975
169683,0.015
674280,0.895
430490,0.925
506677,1.0
395608,0.995
873043,0.995
623540,0.715
527140,0.995
949207,0.01
953497,0.03
957807,0.995
692224,0.01
748367,0.015
558333,0.97
511988,0.035
217490,0.685
726972,0.665
958436,0.99
567872,0.995
809243,0.975
980724,0.905
148882,0.99
351526,0.985
118913,0.29
788838,0.98
646200,0.995
221716,0.59
717745,0.53
173879,0.995
720911,0.99
310068,0.79
527950,0.825
828340,0.885
586978,0.985
803513,0.965
901466,0.935
745147,0.755
538411,0.885
322179,0.89
973753,0.095
738886,0.985
699080,0.865
687804,0.94
445853,0.025
944970,0.97
534793,0.515
173362,0.97
192230,0.965
751070,0.93
745895,0.04
349512,0.1
954580,0.725
426596,0.935
265089,0.865
248737,0.01
402623,0.015
866547,0.015
946335,0.01
578697,0.015
600703,0.38
361979,0.01
326890,0.01
831967,0.01
955126,0.02666666666666667
947155,0.08
122707,0.075
244828,0.95
572909,0.1
238133,0.605
196140,0.47
255406,0.805
155551,0.86
196388,0.795
387190,0.105
774723,0.025
709112,0.8916666666666667
646011,0.07
411423,0.26
983353,0.065
424041,0.015
423780,0.01
487269,0.505
134604,0.08
669351,0.63
161813,0.245
643906,0.83
211619,0.035
413558,0.99
881472,0.795
986380,0.34
352402,0.925
440997,0.13
504488,0.03
786707,0.985
349461,0.35
838300,0.285
217347,0.22
261469,0.845
681228,0.985
863188,0.45
344532,0.605
526122,0.865
545657,0.82
396175,0.875
235874,0.885
153297,0.80875
719232,0.6
249257,0.02
454140,0.045
504023,0.01
795200,0.01
310133,0.96
343489,0.195
731922,0.06
229049,0.905
310112,0.11
635342,0.08
269951,0.05
107795,0.96
426054,0.065
178178,0.625
453534,0.745
937204,0.93
385645,0.765
964762,0.99
918789,0.965
658315,1.0
316154,0.14
675089,0.105
361027,0.065
527646,0.665
961027,0.825
643485,0.015
929876,0.695
771584,0.155
707986,0.125
198147,0.985
610278,0.935
903319,0.87
965548,0.995
866632,0.975
526886,0.825
168494,0.08
477000,0.135
650299,0.94
919331,0.915
238172,0.89
390253,0.795
808495,0.975
271992,0.755
988110,0.86
204347,0.12
872654,0.125
481642,0.78
472348,0.175
157048,0.245
207821,0.85
444140,0.88
146453,0.88
259774,0.19
468404,0.575
333019,0.695
744864,0.045
692253,0.38
466455,0.695
471001,0.765
165884,0.97
701148,0.955
481094,0.8466666666666667
728425,0.89
768311,0.08
104658,0.4216666666666667
682880,0.08
175393,0.065
374511,0.74
801974,0.85
453115,0.86
365613,0.085
327852,0.065
672216,0.06
424951,0.92
532638,0.66
120339,0.49
236628,0.175
582485,0.84
274511,0.975
812956,0.915
286178,0.895
326720,0.845
658118,0.15
671111,0.78
442444,0.39
455963,0.33
778603,0.85
976190,0.75
102051,0.26
418858,0.82
809394,0.545
865575,0.95
678578,0.95
499428,0.93
332079,0.935
568116,0.945
472481,0.15
815175,0.105
443305,0.63
239004,0.04
333230,0.99
824924,0.99
949419,0.99
497763,0.99
189211,0.425
887630,0.845
168220,0.925
709759,0.84
162108,0.865
169374,0.975
859458,0.9716666666666667
710164,0.96
325158,0.62
227164,0.2
807018,0.94
603235,0.795
680353,0.055
594918,0.105
855832,0.03
339376,0.76
958923,0.75
477379,0.1
700350,0.79
740602,0.0
213363,0.255
721144,0.0
101448,0.005
480492,0.02
680364,1.0
617507,0.35
885080,0.99
569153,0.01
110457,0.02
168010,0.01
466815,0.015
605877,0.015
842653,0.0
904076,0.005
261922,0.005
405819,0.0
546161,0.0
233974,0.005
572126,0.005
413485,0.015
841918,0.005
146110,0.035
250291,0.03
997203,0.0
215578,0.005
265044,0.015
459272,1.0
552885,0.65
771030,0.435
621334,0.175
713140,0.555
987598,0.875
543272,0.3
608719,0.105
140688,0.88
586312,0.925
257321,0.03
129698,0.795
517147,0.005
317219,0.005
395489,0.005
865281,0.005
903297,0.005
130988,0.005
875671,0.005
322325,0.005
948013,0.005
739223,0.005
553105,0.005
398559,0.005
453303,0.175
142033,0.005
289960,0.0
531588,0.0
597123,0.0
573751,0.005
962192,0.005
183800,0.005
985183,0.195
185453,0.88
439260,0.97
408993,0.87
381390,0.065
684308,0.075
195406,0.875
260733,0.76
180011,0.06
698480,0.22
149102,0.39
319506,0.205
397643,0.11
114635,0.03
459945,0.03
812232,0.95
295661,0.545
437838,0.77
510120,0.33
657208,0.56
197177,0.775
538345,0.85
649745,0.94
150304,0.175
352364,0.05
872748,0.945
113447,0.045
952233,0.89
587305,0.93
696547,0.915
494908,0.9
488412,0.95
164738,0.78
100287,0.54
564645,0.95
590428,0.98
595992,0.985
383719,0.975
220568,0.935
865529,0.94
738450,0.955
450286,0.835
372961,0.73
986934,0.925
144693,0.895
613439,0.04
288781,0.35
631545,0.735
918538,0.66
111145,0.865
869833,0.855
519561,0.495
347709,0.475
764312,0.115
301901,0.98
297725,0.005
490901,0.955
806023,0.93
309049,0.765
669966,0.005
691407,0.05
460344,0.01
903516,0.025
611834,0.98
439113,0.02
585380,0.01
483404,0.01
951930,0.01
698318,0.345
732752,0.875
743834,0.04
280557,0.005
164189,0.94
212218,0.07833333333333332
341068,0.835
385616,0.29
423373,0.89
108106,0.565
362881,0.03
814233,0.145
734582,0.3
905956,0.915
968476,0.735
515655,0.245
548965,0.235
962828,0.48
316429,0.685
599256,1.0
409416,0.415
358991,0.67
714358,0.82
320084,0.83
123737,0.815
179838,0.605
997698,0.865
544555,0.69
458589,0.77
748711,0.025
611696,0.165
490021,0.325
643781,0.735
980766,0.045
360291,0.835
251700,0.98
127799,0.945
586554,0.05
980217,0.29
488317,0.795
967837,0.705
490889,0.085
924400,0.33
155212,0.715
866950,0.975
718061,0.255
756550,0.905
943519,0.065
478781,0.045
137247,0.22
299502,0.8
995536,0.07
916359,0.08
539995,0.755
299758,0.775
721837,0.815
207227,0.16
262316,0.085
765476,0.105
617014,0.82
338895,0.01
595293,0.085
466173,0.97
545669,0.93
979840,0.39
320953,0.905
902782,0.975
731790,0.435
906071,0.725
329364,0.835
907617,0.055
396210,0.095
388527,0.31
267854,0.05
806157,0.04
318520,0.125
931767,0.41
374292,0.025
451592,0.4
450532,0.23
247948,0.065
782661,0.03
714606,0.03
742061,0.73
245166,0.12
509877,0.07
123375,0.025
791507,0.71
529502,0.975
852548,0.0
293425,0.0
361230,0.0
416854,0.075
517293,0.005
304649,0.01
333612,0.105
607275,0.075
508037,0.005
106613,0.005
536292,0.005
339564,0.025
725852,0.025
435464,0.0
247368,0.02
324736,0.035
272429,0.005
794040,0.005
145890,0.01
766077,0.0
785441,0.79
148775,0.38
236885,0.015
508151,0.025
384951,0.33
549366,0.395
446136,0.96
170146,0.96
851270,0.96
803248,0.915
104271,0.96
788646,0.98
286581,0.955
495355,0.955
482478,0.96
268582,0.96
322460,0.965
165101,0.965
639922,0.775
140126,0.96
171133,0.96
718916,0.985
113482,0.975
914104,0.885
295937,0.445
919039,0.005
103472,0.005
359200,0.0
679504,0.0
218129,0.0
547969,0.0
963376,0.0
672347,0.0
362647,0.0
236663,0.0
735984,0.675
923922,0.44
279683,0.07
318598,0.425
838242,0.71
908313,0.79
872278,0.96
183693,0.97
495394,0.005
648382,0.005
417676,0.855
996482,0.265
145192,0.025
935406,0.69
930474,0.085
861525,0.15
124961,0.055
680423,0.96
949066,0.2
535984,0.695
228200,0.165
515069,0.285
603298,0.21
920595,0.155
406765,0.98
503076,0.64
743653,0.97
584086,0.28
518920,0.205
811147,0.97
137682,0.99
894949,0.99
444605,0.99
978667,1.0
483788,1.0
248271,1.0
397382,0.105
753916,0.155
242312,0.28
410326,0.555
890732,0.57
252154,0.085
930689,0.995
511732,0.09
836297,0.095
853011,0.095
950781,0.135
811104,0.115
593696,0.835
391235,0.965
506971,0.1
523798,0.16
950920,0.735
647593,0.225
110163,0.975
215459,0.01
702032,0.975
956561,0.275
268447,0.105
162406,0.79
730998,0.125
289647,0.59
247236,0.81
733365,0.7683333333333333
977545,0.26
625625,0.76
197939,0.95
625152,0.12
602892,0.185
217399,0.955
645636,0.47
889773,0.76
153517,0.25
607381,0.11
816161,0.22
194440,0.075
859335,0.08
521570,0.57
325063,0.115
446885,0.095
428353,0.235
453032,0.12
162851,0.115
954461,0.14
891767,0.11
403051,0.11
691744,0.195
462569,0.21
308624,0.375
459290,0.74
848930,0.795
490146,0.975
843676,0.18
292698,0.105
562239,0.09
683296,0.11
848299,0.905
513844,0.06
825463,0.095
834192,0.05
554906,0.02
688433,0.02
400884,0.085
489187,0.07
241634,0.08
987551,0.07
775055,0.405
488823,0.14
224546,0.385
473093,0.41
691284,0.96
218330,0.08
140613,0.625
605091,0.095
717321,0.945
384469,0.825
693159,0.965
725421,0.96
107417,0.945
342924,0.945
538547,0.835
404721,0.415
636730,0.225
623769,0.17
707983,0.31
753215,0.975
646619,0.245
992878,0.195
620926,0.93
722028,0.125
610610,0.91
492584,0.155
679430,0.055
846204,0.865
833917,0.6433333333333333
482571,0.56
979013,0.16
833550,0.095
242014,0.12
596231,0.42
771810,0.895
683388,0.9
209295,0.095
260668,0.72
752627,0.805
822532,0.275
723599,0.13
658689,0.12
453350,0.905
221265,0.12
669941,0.75
472194,0.11
344105,0.1
730564,0.195
499204,0.01
761954,0.005
449247,0.005
113158,0.005
988161,0.0
816586,0.0
947536,0.0
626226,0.0
380993,0.0
889123,0.0
133458,0.0
468178,0.0
450342,0.17
743708,0.14
496467,0.16
412429,0.14
330893,0.125
575666,0.06
781494,0.12
425838,0.915
490918,0.125
